ComponentId,Layer,Type,Latitude,Longitude,Value1,Value2
0,"Isobaths",Isobath_shell,-7.743172732,108.998517214,0.00,1.00
0,"Isobaths",Isobath_shell,-7.743172732,108.998480953,0.00,1.00
0,"Isobaths",Isobath_shell,-7.743161103,108.998462823,0.00,1.00
0,"Isobaths",Isobath_shell,-7.74315958,108.998461327,0.00,1.00
0,"Isobaths",Isobath_shell,-7.743158299,108.998462823,0.00,1.00
0,"Isobaths",Isobath_shell,-7.743158299,108.998499084,0.00,1.00
0,"Isobaths",Isobath_shell,-7.743141496,108.998517214,0.00,1.00
0,"Isobaths",Isobath_shell,-7.743141496,108.998535345,0.00,1.00
0,"Isobaths",Isobath_shell,-7.74315958,108.998535345,0.00,1.00
1,"Isobaths",Isobath_shell,-7.745763689,108.993839539,1.00,2.00
1,"Isobaths",Isobath_shell,-7.745763689,108.993694494,1.00,2.00
1,"Isobaths",Isobath_shell,-7.745745605,108.993709737,1.00,2.00
1,"Isobaths",Isobath_shell,-7.745737408,108.993712625,1.00,2.00
1,"Isobaths",Isobath_shell,-7.745727521,108.99373252,1.00,2.00
1,"Isobaths",Isobath_shell,-7.745687225,108.993767017,1.00,2.00
1,"Isobaths",Isobath_shell,-7.745687225,108.993839539,1.00,2.00
2,"Isobaths",Isobath_shell,-7.745655184,108.993884231,1.00,2.00
2,"Isobaths",Isobath_shell,-7.745655184,108.993824088,1.00,2.00
2,"Isobaths",Isobath_shell,-7.7456371,108.993801509,1.00,2.00
2,"Isobaths",Isobath_shell,-7.745622379,108.993821408,1.00,2.00
2,"Isobaths",Isobath_shell,-7.745616768,108.993839539,1.00,2.00
2,"Isobaths",Isobath_shell,-7.74562793,108.9938758,1.00,2.00
2,"Isobaths",Isobath_shell,-7.7456371,108.993884231,1.00,2.00
3,"Isobaths",Isobath_shell,-7.743417732,108.998535345,1.00,2.00
3,"Isobaths",Isobath_shell,-7.743417732,108.998517214,1.00,2.00
3,"Isobaths",Isobath_shell,-7.743376589,108.998448589,1.00,2.00
3,"Isobaths",Isobath_shell,-7.743358505,108.998428897,1.00,2.00
3,"Isobaths",Isobath_shell,-7.743309235,108.998390301,1.00,2.00
3,"Isobaths",Isobath_shell,-7.743231916,108.998350163,1.00,2.00
3,"Isobaths",Isobath_shell,-7.743177664,108.998278406,1.00,2.00
3,"Isobaths",Isobath_shell,-7.743109393,108.998227126,1.00,2.00
3,"Isobaths",Isobath_shell,-7.743107148,108.998190865,1.00,2.00
3,"Isobaths",Isobath_shell,-7.743105327,108.998172734,1.00,2.00
3,"Isobaths",Isobath_shell,-7.743087243,108.998190865,1.00,2.00
3,"Isobaths",Isobath_shell,-7.743087243,108.998426562,1.00,2.00
3,"Isobaths",Isobath_shell,-7.743105327,108.998426562,1.00,2.00
3,"Isobaths",Isobath_shell,-7.743105327,108.998462823,1.00,2.00
3,"Isobaths",Isobath_shell,-7.743123412,108.998462823,1.00,2.00
3,"Isobaths",Isobath_shell,-7.743123412,108.998499084,1.00,2.00
3,"Isobaths",Isobath_shell,-7.743141496,108.998499084,1.00,2.00
3,"Isobaths",Isobath_shell,-7.743141496,108.998517214,1.00,2.00
3,"Isobaths",Isobath_shell,-7.743158299,108.998499084,1.00,2.00
3,"Isobaths",Isobath_shell,-7.743158299,108.998462823,1.00,2.00
3,"Isobaths",Isobath_shell,-7.74315958,108.998461327,1.00,2.00
3,"Isobaths",Isobath_shell,-7.743161103,108.998462823,1.00,2.00
3,"Isobaths",Isobath_shell,-7.743172732,108.998480953,1.00,2.00
3,"Isobaths",Isobath_shell,-7.743172732,108.998517214,1.00,2.00
3,"Isobaths",Isobath_shell,-7.74315958,108.998535345,1.00,2.00
4,"Isobaths",Isobath_shell,-7.745763689,108.993694494,2.00,3.00
4,"Isobaths",Isobath_shell,-7.745763689,108.993658233,2.00,3.00
4,"Isobaths",Isobath_shell,-7.745745605,108.993658233,2.00,3.00
4,"Isobaths",Isobath_shell,-7.745745605,108.993640103,2.00,3.00
4,"Isobaths",Isobath_shell,-7.745727521,108.993658233,2.00,3.00
4,"Isobaths",Isobath_shell,-7.745729646,108.993676364,2.00,3.00
4,"Isobaths",Isobath_shell,-7.745691353,108.993693454,2.00,3.00
4,"Isobaths",Isobath_shell,-7.745673268,108.993721013,2.00,3.00
4,"Isobaths",Isobath_shell,-7.745655184,108.993734624,2.00,3.00
4,"Isobaths",Isobath_shell,-7.745600932,108.993753792,2.00,3.00
4,"Isobaths",Isobath_shell,-7.745582848,108.993771865,2.00,3.00
4,"Isobaths",Isobath_shell,-7.745568846,108.993803278,2.00,3.00
4,"Isobaths",Isobath_shell,-7.745564142,108.993839539,2.00,3.00
4,"Isobaths",Isobath_shell,-7.745576915,108.993912061,2.00,3.00
4,"Isobaths",Isobath_shell,-7.745598588,108.993930191,2.00,3.00
4,"Isobaths",Isobath_shell,-7.745602494,108.993948322,2.00,3.00
4,"Isobaths",Isobath_shell,-7.745619016,108.993962949,2.00,3.00
4,"Isobaths",Isobath_shell,-7.7456371,108.993962949,2.00,3.00
4,"Isobaths",Isobath_shell,-7.7456371,108.993930191,2.00,3.00
4,"Isobaths",Isobath_shell,-7.745655184,108.993912061,2.00,3.00
4,"Isobaths",Isobath_shell,-7.745655184,108.993884231,2.00,3.00
4,"Isobaths",Isobath_shell,-7.7456371,108.993884231,2.00,3.00
4,"Isobaths",Isobath_shell,-7.74562793,108.9938758,2.00,3.00
4,"Isobaths",Isobath_shell,-7.745616768,108.993839539,2.00,3.00
4,"Isobaths",Isobath_shell,-7.745622379,108.993821408,2.00,3.00
4,"Isobaths",Isobath_shell,-7.7456371,108.993801509,2.00,3.00
4,"Isobaths",Isobath_shell,-7.745655184,108.993824088,2.00,3.00
4,"Isobaths",Isobath_shell,-7.745655184,108.993857669,2.00,3.00
4,"Isobaths",Isobath_shell,-7.745673268,108.993839539,2.00,3.00
4,"Isobaths",Isobath_shell,-7.745687225,108.993839539,2.00,3.00
4,"Isobaths",Isobath_shell,-7.745687225,108.993767017,2.00,3.00
4,"Isobaths",Isobath_shell,-7.745727521,108.99373252,2.00,3.00
4,"Isobaths",Isobath_shell,-7.745737408,108.993712625,2.00,3.00
4,"Isobaths",Isobath_shell,-7.745745605,108.993709737,2.00,3.00
5,"Isobaths",Isobath_shell,-7.743492428,108.998535345,2.00,3.00
5,"Isobaths",Isobath_shell,-7.743485093,108.998518736,2.00,3.00
5,"Isobaths",Isobath_shell,-7.74348436,108.998517214,2.00,3.00
5,"Isobaths",Isobath_shell,-7.743467009,108.998479313,2.00,3.00
5,"Isobaths",Isobath_shell,-7.743358505,108.998336083,2.00,3.00
5,"Isobaths",Isobath_shell,-7.743268084,108.998270455,2.00,3.00
5,"Isobaths",Isobath_shell,-7.743225124,108.998227126,2.00,3.00
5,"Isobaths",Isobath_shell,-7.743185218,108.998172734,2.00,3.00
5,"Isobaths",Isobath_shell,-7.743141496,108.998145756,2.00,3.00
5,"Isobaths",Isobath_shell,-7.743123412,108.998136473,2.00,3.00
5,"Isobaths",Isobath_shell,-7.743105327,108.998154604,2.00,3.00
5,"Isobaths",Isobath_shell,-7.743087243,108.998172734,2.00,3.00
5,"Isobaths",Isobath_shell,-7.743087243,108.998190865,2.00,3.00
5,"Isobaths",Isobath_shell,-7.743105327,108.998172734,2.00,3.00
5,"Isobaths",Isobath_shell,-7.743107148,108.998190865,2.00,3.00
5,"Isobaths",Isobath_shell,-7.743109393,108.998227126,2.00,3.00
5,"Isobaths",Isobath_shell,-7.743177664,108.998278406,2.00,3.00
5,"Isobaths",Isobath_shell,-7.743231916,108.998350163,2.00,3.00
5,"Isobaths",Isobath_shell,-7.743309235,108.998390301,2.00,3.00
5,"Isobaths",Isobath_shell,-7.743358505,108.998428897,2.00,3.00
5,"Isobaths",Isobath_shell,-7.743376589,108.998448589,2.00,3.00
5,"Isobaths",Isobath_shell,-7.743417732,108.998517214,2.00,3.00
5,"Isobaths",Isobath_shell,-7.743417732,108.998535345,2.00,3.00
6,"Isobaths",Isobath_shell,-7.745745605,108.993640103,3.00,4.00
6,"Isobaths",Isobath_shell,-7.745727521,108.993640103,3.00,4.00
6,"Isobaths",Isobath_shell,-7.745727521,108.993621972,3.00,4.00
6,"Isobaths",Isobath_shell,-7.745709437,108.993621972,3.00,4.00
6,"Isobaths",Isobath_shell,-7.745709437,108.993603842,3.00,4.00
6,"Isobaths",Isobath_shell,-7.745691353,108.993603842,3.00,4.00
6,"Isobaths",Isobath_shell,-7.745673268,108.993621972,3.00,4.00
6,"Isobaths",Isobath_shell,-7.745683248,108.993640103,3.00,4.00
6,"Isobaths",Isobath_shell,-7.745673268,108.993664579,3.00,4.00
6,"Isobaths",Isobath_shell,-7.745655184,108.993676552,3.00,4.00
6,"Isobaths",Isobath_shell,-7.745582848,108.9937009,3.00,4.00
6,"Isobaths",Isobath_shell,-7.745510512,108.993759275,3.00,4.00
6,"Isobaths",Isobath_shell,-7.745499096,108.993785147,3.00,4.00
6,"Isobaths",Isobath_shell,-7.745497078,108.993821408,3.00,4.00
6,"Isobaths",Isobath_shell,-7.745501147,108.993857669,3.00,4.00
6,"Isobaths",Isobath_shell,-7.745541886,108.994038974,3.00,4.00
6,"Isobaths",Isobath_shell,-7.745564764,108.994051312,3.00,4.00
6,"Isobaths",Isobath_shell,-7.745568632,108.994057105,3.00,4.00
6,"Isobaths",Isobath_shell,-7.745570663,108.994075236,3.00,4.00
6,"Isobaths",Isobath_shell,-7.745582848,108.994085925,3.00,4.00
6,"Isobaths",Isobath_shell,-7.745600932,108.994085925,3.00,4.00
6,"Isobaths",Isobath_shell,-7.745600932,108.994057105,3.00,4.00
6,"Isobaths",Isobath_shell,-7.745619016,108.994038974,3.00,4.00
6,"Isobaths",Isobath_shell,-7.745619016,108.993984583,3.00,4.00
6,"Isobaths",Isobath_shell,-7.7456371,108.993966452,3.00,4.00
6,"Isobaths",Isobath_shell,-7.7456371,108.993962949,3.00,4.00
6,"Isobaths",Isobath_shell,-7.745619016,108.993962949,3.00,4.00
6,"Isobaths",Isobath_shell,-7.745602494,108.993948322,3.00,4.00
6,"Isobaths",Isobath_shell,-7.745598588,108.993930191,3.00,4.00
6,"Isobaths",Isobath_shell,-7.745576915,108.993912061,3.00,4.00
6,"Isobaths",Isobath_shell,-7.745564142,108.993839539,3.00,4.00
6,"Isobaths",Isobath_shell,-7.745568846,108.993803278,3.00,4.00
6,"Isobaths",Isobath_shell,-7.745582848,108.993771865,3.00,4.00
6,"Isobaths",Isobath_shell,-7.745600932,108.993753792,3.00,4.00
6,"Isobaths",Isobath_shell,-7.745655184,108.993734624,3.00,4.00
6,"Isobaths",Isobath_shell,-7.745673268,108.993721013,3.00,4.00
6,"Isobaths",Isobath_shell,-7.745691353,108.993693454,3.00,4.00
6,"Isobaths",Isobath_shell,-7.745729646,108.993676364,3.00,4.00
6,"Isobaths",Isobath_shell,-7.745727521,108.993658233,3.00,4.00
7,"Isobaths",Isobath_shell,-7.745405068,108.993694494,3.00,4.00
7,"Isobaths",Isobath_shell,-7.745402007,108.99368203,3.00,4.00
7,"Isobaths",Isobath_shell,-7.745395548,108.993676364,3.00,4.00
7,"Isobaths",Isobath_shell,-7.745397486,108.993658233,3.00,4.00
7,"Isobaths",Isobath_shell,-7.745402752,108.993640103,3.00,4.00
7,"Isobaths",Isobath_shell,-7.745402859,108.993585711,3.00,4.00
7,"Isobaths",Isobath_shell,-7.745402007,108.993567581,3.00,4.00
7,"Isobaths",Isobath_shell,-7.745402007,108.99354945,3.00,4.00
7,"Isobaths",Isobath_shell,-7.745365839,108.99354945,3.00,4.00
7,"Isobaths",Isobath_shell,-7.745365383,108.993567581,3.00,4.00
7,"Isobaths",Isobath_shell,-7.745366844,108.993621972,3.00,4.00
7,"Isobaths",Isobath_shell,-7.745379101,108.993658233,3.00,4.00
7,"Isobaths",Isobath_shell,-7.745381996,108.993694494,3.00,4.00
7,"Isobaths",Isobath_shell,-7.745383923,108.99369612,3.00,4.00
8,"Isobaths",Isobath_shell,-7.743533775,108.998535345,3.00,4.00
8,"Isobaths",Isobath_shell,-7.743533775,108.998517214,3.00,4.00
8,"Isobaths",Isobath_shell,-7.7435239,108.998480953,3.00,4.00
8,"Isobaths",Isobath_shell,-7.743503178,108.998444873,3.00,4.00
8,"Isobaths",Isobath_shell,-7.74345272,108.998390301,3.00,4.00
8,"Isobaths",Isobath_shell,-7.743394673,108.998295983,3.00,4.00
8,"Isobaths",Isobath_shell,-7.743358505,108.998253283,3.00,4.00
8,"Isobaths",Isobath_shell,-7.74325,108.998147911,3.00,4.00
8,"Isobaths",Isobath_shell,-7.743228234,108.998118343,3.00,4.00
8,"Isobaths",Isobath_shell,-7.743200369,108.998100212,3.00,4.00
8,"Isobaths",Isobath_shell,-7.743192217,108.998082082,3.00,4.00
8,"Isobaths",Isobath_shell,-7.743192217,108.998063951,3.00,4.00
8,"Isobaths",Isobath_shell,-7.743177664,108.998045821,3.00,4.00
8,"Isobaths",Isobath_shell,-7.74315958,108.998063951,3.00,4.00
8,"Isobaths",Isobath_shell,-7.743141496,108.998082082,3.00,4.00
8,"Isobaths",Isobath_shell,-7.743123412,108.998100212,3.00,4.00
8,"Isobaths",Isobath_shell,-7.743123412,108.998118343,3.00,4.00
8,"Isobaths",Isobath_shell,-7.743105327,108.998136473,3.00,4.00
8,"Isobaths",Isobath_shell,-7.743105327,108.998154604,3.00,4.00
8,"Isobaths",Isobath_shell,-7.743123412,108.998136473,3.00,4.00
8,"Isobaths",Isobath_shell,-7.743141496,108.998145756,3.00,4.00
8,"Isobaths",Isobath_shell,-7.743185218,108.998172734,3.00,4.00
8,"Isobaths",Isobath_shell,-7.743225124,108.998227126,3.00,4.00
8,"Isobaths",Isobath_shell,-7.743268084,108.998270455,3.00,4.00
8,"Isobaths",Isobath_shell,-7.743358505,108.998336083,3.00,4.00
8,"Isobaths",Isobath_shell,-7.743467009,108.998479313,3.00,4.00
8,"Isobaths",Isobath_shell,-7.74348436,108.998517214,3.00,4.00
8,"Isobaths",Isobath_shell,-7.743485093,108.998518736,3.00,4.00
8,"Isobaths",Isobath_shell,-7.743492428,108.998535345,3.00,4.00
9,"Isobaths",Isobath_shell,-7.743574168,108.998535345,4.00,5.00
9,"Isobaths",Isobath_shell,-7.743574168,108.998517214,4.00,5.00
9,"Isobaths",Isobath_shell,-7.743573236,108.998462823,4.00,5.00
9,"Isobaths",Isobath_shell,-7.743467009,108.998316151,4.00,5.00
9,"Isobaths",Isobath_shell,-7.743358505,108.998096411,4.00,5.00
9,"Isobaths",Isobath_shell,-7.743340421,108.998071254,4.00,5.00
9,"Isobaths",Isobath_shell,-7.743304253,108.99803877,4.00,5.00
9,"Isobaths",Isobath_shell,-7.743276696,108.997991429,4.00,5.00
9,"Isobaths",Isobath_shell,-7.743231916,108.99798121,4.00,5.00
9,"Isobaths",Isobath_shell,-7.743213832,108.997973299,4.00,5.00
9,"Isobaths",Isobath_shell,-7.743195748,108.997991429,4.00,5.00
9,"Isobaths",Isobath_shell,-7.743177664,108.99800956,4.00,5.00
9,"Isobaths",Isobath_shell,-7.743177664,108.99802769,4.00,5.00
9,"Isobaths",Isobath_shell,-7.74315958,108.998045821,4.00,5.00
9,"Isobaths",Isobath_shell,-7.74315958,108.998063951,4.00,5.00
9,"Isobaths",Isobath_shell,-7.743177664,108.998045821,4.00,5.00
9,"Isobaths",Isobath_shell,-7.743192217,108.998063951,4.00,5.00
9,"Isobaths",Isobath_shell,-7.743192217,108.998082082,4.00,5.00
9,"Isobaths",Isobath_shell,-7.743200369,108.998100212,4.00,5.00
9,"Isobaths",Isobath_shell,-7.743228234,108.998118343,4.00,5.00
9,"Isobaths",Isobath_shell,-7.74325,108.998147911,4.00,5.00
9,"Isobaths",Isobath_shell,-7.743358505,108.998253283,4.00,5.00
9,"Isobaths",Isobath_shell,-7.743394673,108.998295983,4.00,5.00
9,"Isobaths",Isobath_shell,-7.74345272,108.998390301,4.00,5.00
9,"Isobaths",Isobath_shell,-7.743503178,108.998444873,4.00,5.00
9,"Isobaths",Isobath_shell,-7.7435239,108.998480953,4.00,5.00
9,"Isobaths",Isobath_shell,-7.743533775,108.998517214,4.00,5.00
9,"Isobaths",Isobath_shell,-7.743533775,108.998535345,4.00,5.00
10,"Isobaths",Isobath_shell,-7.745691353,108.993603842,4.00,5.00
10,"Isobaths",Isobath_shell,-7.745673268,108.993603842,4.00,5.00
10,"Isobaths",Isobath_shell,-7.745673268,108.993585711,4.00,5.00
10,"Isobaths",Isobath_shell,-7.745600932,108.993585711,4.00,5.00
10,"Isobaths",Isobath_shell,-7.745600932,108.993567581,4.00,5.00
10,"Isobaths",Isobath_shell,-7.745528596,108.993567581,4.00,5.00
10,"Isobaths",Isobath_shell,-7.745528596,108.99354945,4.00,5.00
10,"Isobaths",Isobath_shell,-7.745402007,108.99354945,4.00,5.00
10,"Isobaths",Isobath_shell,-7.745402007,108.993567581,4.00,5.00
10,"Isobaths",Isobath_shell,-7.745402859,108.993585711,4.00,5.00
10,"Isobaths",Isobath_shell,-7.745402752,108.993640103,4.00,5.00
10,"Isobaths",Isobath_shell,-7.745397486,108.993658233,4.00,5.00
10,"Isobaths",Isobath_shell,-7.745395548,108.993676364,4.00,5.00
10,"Isobaths",Isobath_shell,-7.745402007,108.99368203,4.00,5.00
10,"Isobaths",Isobath_shell,-7.745405068,108.993694494,4.00,5.00
10,"Isobaths",Isobath_shell,-7.745383923,108.99369612,4.00,5.00
10,"Isobaths",Isobath_shell,-7.745381996,108.993694494,4.00,5.00
10,"Isobaths",Isobath_shell,-7.745379101,108.993658233,4.00,5.00
10,"Isobaths",Isobath_shell,-7.745366844,108.993621972,4.00,5.00
10,"Isobaths",Isobath_shell,-7.745365383,108.993567581,4.00,5.00
10,"Isobaths",Isobath_shell,-7.745365839,108.99354945,4.00,5.00
10,"Isobaths",Isobath_shell,-7.745203082,108.99354945,4.00,5.00
10,"Isobaths",Isobath_shell,-7.745184998,108.993567581,4.00,5.00
10,"Isobaths",Isobath_shell,-7.745203082,108.993585711,4.00,5.00
10,"Isobaths",Isobath_shell,-7.745212848,108.993658233,4.00,5.00
10,"Isobaths",Isobath_shell,-7.745231696,108.993694494,4.00,5.00
10,"Isobaths",Isobath_shell,-7.745274609,108.993748886,4.00,5.00
10,"Isobaths",Isobath_shell,-7.745352472,108.993821408,4.00,5.00
10,"Isobaths",Isobath_shell,-7.745383923,108.993869045,4.00,5.00
10,"Isobaths",Isobath_shell,-7.745432147,108.994038974,4.00,5.00
10,"Isobaths",Isobath_shell,-7.745492428,108.994172363,4.00,5.00
10,"Isobaths",Isobath_shell,-7.745528596,108.994196106,4.00,5.00
10,"Isobaths",Isobath_shell,-7.74554668,108.994215758,4.00,5.00
10,"Isobaths",Isobath_shell,-7.745564764,108.994215758,4.00,5.00
10,"Isobaths",Isobath_shell,-7.745564764,108.994184019,4.00,5.00
10,"Isobaths",Isobath_shell,-7.745582848,108.994165888,4.00,5.00
10,"Isobaths",Isobath_shell,-7.745582848,108.994111497,4.00,5.00
10,"Isobaths",Isobath_shell,-7.745600932,108.994093366,4.00,5.00
10,"Isobaths",Isobath_shell,-7.745600932,108.994085925,4.00,5.00
10,"Isobaths",Isobath_shell,-7.745582848,108.994085925,4.00,5.00
10,"Isobaths",Isobath_shell,-7.745570663,108.994075236,4.00,5.00
10,"Isobaths",Isobath_shell,-7.745568632,108.994057105,4.00,5.00
10,"Isobaths",Isobath_shell,-7.745564764,108.994051312,4.00,5.00
10,"Isobaths",Isobath_shell,-7.745541886,108.994038974,4.00,5.00
10,"Isobaths",Isobath_shell,-7.745501147,108.993857669,4.00,5.00
10,"Isobaths",Isobath_shell,-7.745497078,108.993821408,4.00,5.00
10,"Isobaths",Isobath_shell,-7.745499096,108.993785147,4.00,5.00
10,"Isobaths",Isobath_shell,-7.745510512,108.993759275,4.00,5.00
10,"Isobaths",Isobath_shell,-7.745582848,108.9937009,4.00,5.00
10,"Isobaths",Isobath_shell,-7.745655184,108.993676552,4.00,5.00
10,"Isobaths",Isobath_shell,-7.745673268,108.993664579,4.00,5.00
10,"Isobaths",Isobath_shell,-7.745683248,108.993640103,4.00,5.00
10,"Isobaths",Isobath_shell,-7.745673268,108.993621972,4.00,5.00
11,"Isobaths",Isobath_shell,-7.743627958,108.998480953,5.00,6.00
11,"Isobaths",Isobath_shell,-7.743627038,108.998408431,5.00,6.00
11,"Isobaths",Isobath_shell,-7.743600019,108.99835404,5.00,6.00
11,"Isobaths",Isobath_shell,-7.743564021,108.998299648,5.00,6.00
11,"Isobaths",Isobath_shell,-7.743552111,108.998263387,5.00,6.00
11,"Isobaths",Isobath_shell,-7.743524305,108.998208995,5.00,6.00
11,"Isobaths",Isobath_shell,-7.743519235,108.998190865,5.00,6.00
11,"Isobaths",Isobath_shell,-7.743515682,108.998136473,5.00,6.00
11,"Isobaths",Isobath_shell,-7.743515741,108.998063951,5.00,6.00
11,"Isobaths",Isobath_shell,-7.743510956,108.99800956,5.00,6.00
11,"Isobaths",Isobath_shell,-7.743517068,108.997900776,5.00,6.00
11,"Isobaths",Isobath_shell,-7.743512915,108.997864515,5.00,6.00
11,"Isobaths",Isobath_shell,-7.743503812,108.997828254,5.00,6.00
11,"Isobaths",Isobath_shell,-7.743485093,108.997791993,5.00,6.00
11,"Isobaths",Isobath_shell,-7.743427341,108.997719471,5.00,6.00
11,"Isobaths",Isobath_shell,-7.743416319,108.997701341,5.00,6.00
11,"Isobaths",Isobath_shell,-7.743401957,108.99766508,5.00,6.00
11,"Isobaths",Isobath_shell,-7.743358505,108.997637884,5.00,6.00
11,"Isobaths",Isobath_shell,-7.743340421,108.997628819,5.00,6.00
11,"Isobaths",Isobath_shell,-7.743322337,108.997646949,5.00,6.00
11,"Isobaths",Isobath_shell,-7.743304253,108.99766508,5.00,6.00
11,"Isobaths",Isobath_shell,-7.743304253,108.99768321,5.00,6.00
11,"Isobaths",Isobath_shell,-7.743286168,108.997701341,5.00,6.00
11,"Isobaths",Isobath_shell,-7.743268084,108.997719471,5.00,6.00
11,"Isobaths",Isobath_shell,-7.743268084,108.997773863,5.00,6.00
11,"Isobaths",Isobath_shell,-7.74325,108.997791993,5.00,6.00
11,"Isobaths",Isobath_shell,-7.74325,108.997846385,5.00,6.00
11,"Isobaths",Isobath_shell,-7.743231916,108.997864515,5.00,6.00
11,"Isobaths",Isobath_shell,-7.743231916,108.997918907,5.00,6.00
11,"Isobaths",Isobath_shell,-7.743213832,108.997937037,5.00,6.00
11,"Isobaths",Isobath_shell,-7.743213832,108.997955168,5.00,6.00
11,"Isobaths",Isobath_shell,-7.743195748,108.997973299,5.00,6.00
11,"Isobaths",Isobath_shell,-7.743195748,108.997991429,5.00,6.00
11,"Isobaths",Isobath_shell,-7.743213832,108.997973299,5.00,6.00
11,"Isobaths",Isobath_shell,-7.743231916,108.99798121,5.00,6.00
11,"Isobaths",Isobath_shell,-7.743276696,108.997991429,5.00,6.00
11,"Isobaths",Isobath_shell,-7.743304253,108.99803877,5.00,6.00
11,"Isobaths",Isobath_shell,-7.743340421,108.998071254,5.00,6.00
11,"Isobaths",Isobath_shell,-7.743358505,108.998096411,5.00,6.00
11,"Isobaths",Isobath_shell,-7.743467009,108.998316151,5.00,6.00
11,"Isobaths",Isobath_shell,-7.743573236,108.998462823,5.00,6.00
11,"Isobaths",Isobath_shell,-7.743574168,108.998517214,5.00,6.00
11,"Isobaths",Isobath_shell,-7.743574168,108.998535345,5.00,6.00
11,"Isobaths",Isobath_shell,-7.743575514,108.998535345,5.00,6.00
11,"Isobaths",Isobath_shell,-7.743593598,108.998517214,5.00,6.00
11,"Isobaths",Isobath_shell,-7.743611682,108.998499084,5.00,6.00
12,"Isobaths",Isobath_shell,-7.745619016,108.994329063,5.00,6.00
12,"Isobaths",Isobath_shell,-7.745619016,108.994292802,5.00,6.00
12,"Isobaths",Isobath_shell,-7.745600932,108.994292802,5.00,6.00
12,"Isobaths",Isobath_shell,-7.745600932,108.994256541,5.00,6.00
12,"Isobaths",Isobath_shell,-7.745582848,108.994256541,5.00,6.00
12,"Isobaths",Isobath_shell,-7.745582848,108.99423841,5.00,6.00
12,"Isobaths",Isobath_shell,-7.745564764,108.99423841,5.00,6.00
12,"Isobaths",Isobath_shell,-7.745564764,108.994215758,5.00,6.00
12,"Isobaths",Isobath_shell,-7.74554668,108.994215758,5.00,6.00
12,"Isobaths",Isobath_shell,-7.745528596,108.994196106,5.00,6.00
12,"Isobaths",Isobath_shell,-7.745492428,108.994172363,5.00,6.00
12,"Isobaths",Isobath_shell,-7.745432147,108.994038974,5.00,6.00
12,"Isobaths",Isobath_shell,-7.745383923,108.993869045,5.00,6.00
12,"Isobaths",Isobath_shell,-7.745352472,108.993821408,5.00,6.00
12,"Isobaths",Isobath_shell,-7.745274609,108.993748886,5.00,6.00
12,"Isobaths",Isobath_shell,-7.745231696,108.993694494,5.00,6.00
12,"Isobaths",Isobath_shell,-7.745212848,108.993658233,5.00,6.00
12,"Isobaths",Isobath_shell,-7.745203082,108.993585711,5.00,6.00
12,"Isobaths",Isobath_shell,-7.745184998,108.993567581,5.00,6.00
12,"Isobaths",Isobath_shell,-7.745203082,108.99354945,5.00,6.00
12,"Isobaths",Isobath_shell,-7.745094578,108.99354945,5.00,6.00
12,"Isobaths",Isobath_shell,-7.745083248,108.993567581,5.00,6.00
12,"Isobaths",Isobath_shell,-7.74505625,108.993658233,5.00,6.00
12,"Isobaths",Isobath_shell,-7.745004157,108.993711114,5.00,6.00
12,"Isobaths",Isobath_shell,-7.744949905,108.993730517,5.00,6.00
12,"Isobaths",Isobath_shell,-7.744769064,108.993754784,5.00,6.00
12,"Isobaths",Isobath_shell,-7.74475098,108.993748886,5.00,6.00
12,"Isobaths",Isobath_shell,-7.744732896,108.993767017,5.00,6.00
12,"Isobaths",Isobath_shell,-7.744732896,108.993821408,5.00,6.00
12,"Isobaths",Isobath_shell,-7.744714812,108.993839539,5.00,6.00
12,"Isobaths",Isobath_shell,-7.744732896,108.993842511,5.00,6.00
12,"Isobaths",Isobath_shell,-7.7448414,108.993855438,5.00,6.00
12,"Isobaths",Isobath_shell,-7.744913737,108.993873507,5.00,6.00
12,"Isobaths",Isobath_shell,-7.744949905,108.99389268,5.00,6.00
12,"Isobaths",Isobath_shell,-7.744988386,108.993930191,5.00,6.00
12,"Isobaths",Isobath_shell,-7.745058409,108.994020631,5.00,6.00
12,"Isobaths",Isobath_shell,-7.745166914,108.994105771,5.00,6.00
12,"Isobaths",Isobath_shell,-7.745347532,108.994274671,5.00,6.00
12,"Isobaths",Isobath_shell,-7.745474343,108.994407334,5.00,6.00
12,"Isobaths",Isobath_shell,-7.745506282,108.994455977,5.00,6.00
12,"Isobaths",Isobath_shell,-7.74554668,108.994486342,5.00,6.00
12,"Isobaths",Isobath_shell,-7.745564764,108.994474107,5.00,6.00
12,"Isobaths",Isobath_shell,-7.745564764,108.994455977,5.00,6.00
12,"Isobaths",Isobath_shell,-7.745582848,108.994437846,5.00,6.00
12,"Isobaths",Isobath_shell,-7.745582848,108.994401585,5.00,6.00
12,"Isobaths",Isobath_shell,-7.745600932,108.994383454,5.00,6.00
12,"Isobaths",Isobath_shell,-7.745600932,108.994347193,5.00,6.00
13,"Isobaths",Isobath_shell,-7.745094578,108.99354945,6.00,7.00
13,"Isobaths",Isobath_shell,-7.744967989,108.99354945,6.00,7.00
13,"Isobaths",Isobath_shell,-7.744949905,108.993567581,6.00,7.00
13,"Isobaths",Isobath_shell,-7.744950621,108.993585711,6.00,7.00
13,"Isobaths",Isobath_shell,-7.744931821,108.993604849,6.00,7.00
13,"Isobaths",Isobath_shell,-7.744877568,108.993611547,6.00,7.00
13,"Isobaths",Isobath_shell,-7.7448414,108.993607495,6.00,7.00
13,"Isobaths",Isobath_shell,-7.744838123,108.993585711,6.00,7.00
13,"Isobaths",Isobath_shell,-7.744823316,108.993580182,6.00,7.00
13,"Isobaths",Isobath_shell,-7.744805232,108.993585711,6.00,7.00
13,"Isobaths",Isobath_shell,-7.744787148,108.993603842,6.00,7.00
13,"Isobaths",Isobath_shell,-7.744769064,108.993621972,6.00,7.00
13,"Isobaths",Isobath_shell,-7.74475098,108.993640103,6.00,7.00
13,"Isobaths",Isobath_shell,-7.744732896,108.993658233,6.00,7.00
13,"Isobaths",Isobath_shell,-7.744732896,108.993767017,6.00,7.00
13,"Isobaths",Isobath_shell,-7.74475098,108.993748886,6.00,7.00
13,"Isobaths",Isobath_shell,-7.744769064,108.993754784,6.00,7.00
13,"Isobaths",Isobath_shell,-7.744949905,108.993730517,6.00,7.00
13,"Isobaths",Isobath_shell,-7.745004157,108.993711114,6.00,7.00
13,"Isobaths",Isobath_shell,-7.74505625,108.993658233,6.00,7.00
13,"Isobaths",Isobath_shell,-7.745083248,108.993567581,6.00,7.00
14,"Isobaths",Isobath_shell,-7.743843432,108.998045821,6.00,7.00
14,"Isobaths",Isobath_shell,-7.743841608,108.997973299,6.00,7.00
14,"Isobaths",Isobath_shell,-7.743817882,108.997900776,6.00,7.00
14,"Isobaths",Isobath_shell,-7.743650492,108.997556296,6.00,7.00
14,"Isobaths",Isobath_shell,-7.743601133,108.997483774,6.00,7.00
14,"Isobaths",Isobath_shell,-7.743539346,108.997417476,6.00,7.00
14,"Isobaths",Isobath_shell,-7.743485093,108.997384382,6.00,7.00
14,"Isobaths",Isobath_shell,-7.743467009,108.997374991,6.00,7.00
14,"Isobaths",Isobath_shell,-7.743448925,108.997393122,6.00,7.00
14,"Isobaths",Isobath_shell,-7.743430841,108.997411252,6.00,7.00
14,"Isobaths",Isobath_shell,-7.743430841,108.997429383,6.00,7.00
14,"Isobaths",Isobath_shell,-7.743412757,108.997447513,6.00,7.00
14,"Isobaths",Isobath_shell,-7.743412757,108.997465644,6.00,7.00
14,"Isobaths",Isobath_shell,-7.743394673,108.997483774,6.00,7.00
14,"Isobaths",Isobath_shell,-7.743394673,108.997501905,6.00,7.00
14,"Isobaths",Isobath_shell,-7.743376589,108.997520035,6.00,7.00
14,"Isobaths",Isobath_shell,-7.743376589,108.997538166,6.00,7.00
14,"Isobaths",Isobath_shell,-7.743358505,108.997556296,6.00,7.00
14,"Isobaths",Isobath_shell,-7.743358505,108.997574427,6.00,7.00
14,"Isobaths",Isobath_shell,-7.743340421,108.997592557,6.00,7.00
14,"Isobaths",Isobath_shell,-7.743340421,108.997610688,6.00,7.00
14,"Isobaths",Isobath_shell,-7.743322337,108.997628819,6.00,7.00
14,"Isobaths",Isobath_shell,-7.743322337,108.997646949,6.00,7.00
14,"Isobaths",Isobath_shell,-7.743340421,108.997628819,6.00,7.00
14,"Isobaths",Isobath_shell,-7.743358505,108.997637884,6.00,7.00
14,"Isobaths",Isobath_shell,-7.743401957,108.99766508,6.00,7.00
14,"Isobaths",Isobath_shell,-7.743416319,108.997701341,6.00,7.00
14,"Isobaths",Isobath_shell,-7.743427341,108.997719471,6.00,7.00
14,"Isobaths",Isobath_shell,-7.743485093,108.997791993,6.00,7.00
14,"Isobaths",Isobath_shell,-7.743503812,108.997828254,6.00,7.00
14,"Isobaths",Isobath_shell,-7.743512915,108.997864515,6.00,7.00
14,"Isobaths",Isobath_shell,-7.743517068,108.997900776,6.00,7.00
14,"Isobaths",Isobath_shell,-7.743510956,108.99800956,6.00,7.00
14,"Isobaths",Isobath_shell,-7.743515741,108.998063951,6.00,7.00
14,"Isobaths",Isobath_shell,-7.743515682,108.998136473,6.00,7.00
14,"Isobaths",Isobath_shell,-7.743519235,108.998190865,6.00,7.00
14,"Isobaths",Isobath_shell,-7.743524305,108.998208995,6.00,7.00
14,"Isobaths",Isobath_shell,-7.743552111,108.998263387,6.00,7.00
14,"Isobaths",Isobath_shell,-7.743564021,108.998299648,6.00,7.00
14,"Isobaths",Isobath_shell,-7.743600019,108.99835404,6.00,7.00
14,"Isobaths",Isobath_shell,-7.743627038,108.998408431,6.00,7.00
14,"Isobaths",Isobath_shell,-7.743627958,108.998480953,6.00,7.00
14,"Isobaths",Isobath_shell,-7.743611682,108.998499084,6.00,7.00
14,"Isobaths",Isobath_shell,-7.743629766,108.998480953,6.00,7.00
14,"Isobaths",Isobath_shell,-7.74364785,108.998462823,6.00,7.00
14,"Isobaths",Isobath_shell,-7.743665934,108.998444692,6.00,7.00
14,"Isobaths",Isobath_shell,-7.743684018,108.998444692,6.00,7.00
14,"Isobaths",Isobath_shell,-7.743684018,108.998426562,6.00,7.00
14,"Isobaths",Isobath_shell,-7.743702103,108.998408431,6.00,7.00
14,"Isobaths",Isobath_shell,-7.743702103,108.998390301,6.00,7.00
14,"Isobaths",Isobath_shell,-7.743720187,108.99837217,6.00,7.00
14,"Isobaths",Isobath_shell,-7.743720187,108.998335909,6.00,7.00
14,"Isobaths",Isobath_shell,-7.743738271,108.998317779,6.00,7.00
14,"Isobaths",Isobath_shell,-7.743738271,108.998281517,6.00,7.00
14,"Isobaths",Isobath_shell,-7.743756355,108.998263387,6.00,7.00
14,"Isobaths",Isobath_shell,-7.743756355,108.998227126,6.00,7.00
14,"Isobaths",Isobath_shell,-7.743774439,108.998208995,6.00,7.00
14,"Isobaths",Isobath_shell,-7.743774439,108.998172734,6.00,7.00
14,"Isobaths",Isobath_shell,-7.743792523,108.998154604,6.00,7.00
14,"Isobaths",Isobath_shell,-7.743792523,108.998118343,6.00,7.00
14,"Isobaths",Isobath_shell,-7.743810607,108.998100212,6.00,7.00
14,"Isobaths",Isobath_shell,-7.743828691,108.998082082,6.00,7.00
14,"Isobaths",Isobath_shell,-7.743828691,108.998063951,6.00,7.00
15,"Isobaths",Isobath_shell,-7.745564764,108.994510368,6.00,7.00
15,"Isobaths",Isobath_shell,-7.745564764,108.994474107,6.00,7.00
15,"Isobaths",Isobath_shell,-7.74554668,108.994486342,6.00,7.00
15,"Isobaths",Isobath_shell,-7.745506282,108.994455977,6.00,7.00
15,"Isobaths",Isobath_shell,-7.745474343,108.994407334,6.00,7.00
15,"Isobaths",Isobath_shell,-7.745347532,108.994274671,6.00,7.00
15,"Isobaths",Isobath_shell,-7.745166914,108.994105771,6.00,7.00
15,"Isobaths",Isobath_shell,-7.745058409,108.994020631,6.00,7.00
15,"Isobaths",Isobath_shell,-7.744988386,108.993930191,6.00,7.00
15,"Isobaths",Isobath_shell,-7.744949905,108.99389268,6.00,7.00
15,"Isobaths",Isobath_shell,-7.744913737,108.993873507,6.00,7.00
15,"Isobaths",Isobath_shell,-7.7448414,108.993855438,6.00,7.00
15,"Isobaths",Isobath_shell,-7.744732896,108.993842511,6.00,7.00
15,"Isobaths",Isobath_shell,-7.744714812,108.993839539,6.00,7.00
15,"Isobaths",Isobath_shell,-7.744714812,108.993930191,6.00,7.00
15,"Isobaths",Isobath_shell,-7.744696728,108.993948322,6.00,7.00
15,"Isobaths",Isobath_shell,-7.744696728,108.993966452,6.00,7.00
15,"Isobaths",Isobath_shell,-7.744714812,108.993966452,6.00,7.00
15,"Isobaths",Isobath_shell,-7.744732896,108.993967168,6.00,7.00
15,"Isobaths",Isobath_shell,-7.74475098,108.993967168,6.00,7.00
15,"Isobaths",Isobath_shell,-7.744823316,108.993991366,6.00,7.00
15,"Isobaths",Isobath_shell,-7.745058409,108.994153388,6.00,7.00
15,"Isobaths",Isobath_shell,-7.745130746,108.994211164,6.00,7.00
15,"Isobaths",Isobath_shell,-7.745214033,108.994292802,6.00,7.00
15,"Isobaths",Isobath_shell,-7.745290506,108.994383454,6.00,7.00
15,"Isobaths",Isobath_shell,-7.745408524,108.99456476,6.00,7.00
15,"Isobaths",Isobath_shell,-7.745448101,108.994637282,6.00,7.00
15,"Isobaths",Isobath_shell,-7.745492428,108.994668104,6.00,7.00
15,"Isobaths",Isobath_shell,-7.745510512,108.994668104,6.00,7.00
15,"Isobaths",Isobath_shell,-7.745510512,108.994637282,6.00,7.00
15,"Isobaths",Isobath_shell,-7.745528596,108.994619151,6.00,7.00
15,"Isobaths",Isobath_shell,-7.745528596,108.99458289,6.00,7.00
15,"Isobaths",Isobath_shell,-7.74554668,108.99456476,6.00,7.00
15,"Isobaths",Isobath_shell,-7.74554668,108.994528499,6.00,7.00
16,"Isobaths",Isobath_shell,-7.744106312,108.99766508,7.00,8.00
16,"Isobaths",Isobath_shell,-7.744106312,108.997628819,7.00,8.00
16,"Isobaths",Isobath_shell,-7.744065428,108.997538166,7.00,8.00
16,"Isobaths",Isobath_shell,-7.744027616,108.997523893,7.00,8.00
16,"Isobaths",Isobath_shell,-7.743937196,108.997527625,7.00,8.00
16,"Isobaths",Isobath_shell,-7.743901028,108.997514703,7.00,8.00
16,"Isobaths",Isobath_shell,-7.743874433,108.997483774,7.00,8.00
16,"Isobaths",Isobath_shell,-7.743862077,108.997447513,7.00,8.00
16,"Isobaths",Isobath_shell,-7.743792523,108.997385567,7.00,8.00
16,"Isobaths",Isobath_shell,-7.743725813,108.997302469,7.00,8.00
16,"Isobaths",Isobath_shell,-7.74364785,108.997231724,7.00,8.00
16,"Isobaths",Isobath_shell,-7.743619651,108.997193686,7.00,8.00
16,"Isobaths",Isobath_shell,-7.74355743,108.997178595,7.00,8.00
16,"Isobaths",Isobath_shell,-7.743539346,108.997175555,7.00,8.00
16,"Isobaths",Isobath_shell,-7.743521262,108.997193686,7.00,8.00
16,"Isobaths",Isobath_shell,-7.743503178,108.997211816,7.00,8.00
16,"Isobaths",Isobath_shell,-7.743503178,108.997229947,7.00,8.00
16,"Isobaths",Isobath_shell,-7.743485093,108.997248078,7.00,8.00
16,"Isobaths",Isobath_shell,-7.743485093,108.997302469,7.00,8.00
16,"Isobaths",Isobath_shell,-7.743467009,108.9973206,7.00,8.00
16,"Isobaths",Isobath_shell,-7.743467009,108.997356861,7.00,8.00
16,"Isobaths",Isobath_shell,-7.743448925,108.997374991,7.00,8.00
16,"Isobaths",Isobath_shell,-7.743448925,108.997393122,7.00,8.00
16,"Isobaths",Isobath_shell,-7.743467009,108.997374991,7.00,8.00
16,"Isobaths",Isobath_shell,-7.743485093,108.997384382,7.00,8.00
16,"Isobaths",Isobath_shell,-7.743539346,108.997417476,7.00,8.00
16,"Isobaths",Isobath_shell,-7.743601133,108.997483774,7.00,8.00
16,"Isobaths",Isobath_shell,-7.743650492,108.997556296,7.00,8.00
16,"Isobaths",Isobath_shell,-7.743817882,108.997900776,7.00,8.00
16,"Isobaths",Isobath_shell,-7.743841608,108.997973299,7.00,8.00
16,"Isobaths",Isobath_shell,-7.743843432,108.998045821,7.00,8.00
16,"Isobaths",Isobath_shell,-7.743828691,108.998063951,7.00,8.00
16,"Isobaths",Isobath_shell,-7.743846775,108.998045821,7.00,8.00
16,"Isobaths",Isobath_shell,-7.743864859,108.99802769,7.00,8.00
16,"Isobaths",Isobath_shell,-7.743882943,108.99800956,7.00,8.00
16,"Isobaths",Isobath_shell,-7.743882943,108.997991429,7.00,8.00
16,"Isobaths",Isobath_shell,-7.743901028,108.997973299,7.00,8.00
16,"Isobaths",Isobath_shell,-7.743937196,108.997937037,7.00,8.00
16,"Isobaths",Isobath_shell,-7.743937196,108.997918907,7.00,8.00
16,"Isobaths",Isobath_shell,-7.74395528,108.997900776,7.00,8.00
16,"Isobaths",Isobath_shell,-7.743973364,108.997882646,7.00,8.00
16,"Isobaths",Isobath_shell,-7.743991448,108.997864515,7.00,8.00
16,"Isobaths",Isobath_shell,-7.743991448,108.997846385,7.00,8.00
16,"Isobaths",Isobath_shell,-7.744009532,108.997828254,7.00,8.00
16,"Isobaths",Isobath_shell,-7.744027616,108.997810124,7.00,8.00
16,"Isobaths",Isobath_shell,-7.7440457,108.997791993,7.00,8.00
16,"Isobaths",Isobath_shell,-7.744063784,108.997773863,7.00,8.00
16,"Isobaths",Isobath_shell,-7.744063784,108.997755732,7.00,8.00
16,"Isobaths",Isobath_shell,-7.744081868,108.997737602,7.00,8.00
16,"Isobaths",Isobath_shell,-7.744081868,108.997719471,7.00,8.00
16,"Isobaths",Isobath_shell,-7.744099953,108.997701341,7.00,8.00
16,"Isobaths",Isobath_shell,-7.744099953,108.99768321,7.00,8.00
17,"Isobaths",Isobath_shell,-7.744967989,108.99354945,7.00,8.00
17,"Isobaths",Isobath_shell,-7.744823316,108.99354945,7.00,8.00
17,"Isobaths",Isobath_shell,-7.744805232,108.993567581,7.00,8.00
17,"Isobaths",Isobath_shell,-7.744805232,108.993585711,7.00,8.00
17,"Isobaths",Isobath_shell,-7.744823316,108.993580182,7.00,8.00
17,"Isobaths",Isobath_shell,-7.744838123,108.993585711,7.00,8.00
17,"Isobaths",Isobath_shell,-7.7448414,108.993607495,7.00,8.00
17,"Isobaths",Isobath_shell,-7.744877568,108.993611547,7.00,8.00
17,"Isobaths",Isobath_shell,-7.744931821,108.993604849,7.00,8.00
17,"Isobaths",Isobath_shell,-7.744950621,108.993585711,7.00,8.00
17,"Isobaths",Isobath_shell,-7.744949905,108.993567581,7.00,8.00
18,"Isobaths",Isobath_shell,-7.745510512,108.994691673,7.00,8.00
18,"Isobaths",Isobath_shell,-7.745510512,108.994668104,7.00,8.00
18,"Isobaths",Isobath_shell,-7.745492428,108.994668104,7.00,8.00
18,"Isobaths",Isobath_shell,-7.745448101,108.994637282,7.00,8.00
18,"Isobaths",Isobath_shell,-7.745408524,108.99456476,7.00,8.00
18,"Isobaths",Isobath_shell,-7.745290506,108.994383454,7.00,8.00
18,"Isobaths",Isobath_shell,-7.745214033,108.994292802,7.00,8.00
18,"Isobaths",Isobath_shell,-7.745130746,108.994211164,7.00,8.00
18,"Isobaths",Isobath_shell,-7.745058409,108.994153388,7.00,8.00
18,"Isobaths",Isobath_shell,-7.744823316,108.993991366,7.00,8.00
18,"Isobaths",Isobath_shell,-7.74475098,108.993967168,7.00,8.00
18,"Isobaths",Isobath_shell,-7.744732896,108.993967168,7.00,8.00
18,"Isobaths",Isobath_shell,-7.744714812,108.993966452,7.00,8.00
18,"Isobaths",Isobath_shell,-7.744696728,108.993966452,7.00,8.00
18,"Isobaths",Isobath_shell,-7.744696728,108.994020844,7.00,8.00
18,"Isobaths",Isobath_shell,-7.744714812,108.994020844,7.00,8.00
18,"Isobaths",Isobath_shell,-7.744732896,108.994028724,7.00,8.00
18,"Isobaths",Isobath_shell,-7.744805232,108.994065651,7.00,8.00
18,"Isobaths",Isobath_shell,-7.744823316,108.994083159,7.00,8.00
18,"Isobaths",Isobath_shell,-7.744949905,108.994161627,7.00,8.00
18,"Isobaths",Isobath_shell,-7.745094578,108.994267679,7.00,8.00
18,"Isobaths",Isobath_shell,-7.74514883,108.994319191,7.00,8.00
18,"Isobaths",Isobath_shell,-7.745213602,108.994401585,7.00,8.00
18,"Isobaths",Isobath_shell,-7.74524711,108.994455977,7.00,8.00
18,"Isobaths",Isobath_shell,-7.745309444,108.994601021,7.00,8.00
18,"Isobaths",Isobath_shell,-7.745380571,108.994727934,7.00,8.00
18,"Isobaths",Isobath_shell,-7.745423708,108.994818587,7.00,8.00
18,"Isobaths",Isobath_shell,-7.745456259,108.994831352,7.00,8.00
18,"Isobaths",Isobath_shell,-7.745456259,108.994800457,7.00,8.00
18,"Isobaths",Isobath_shell,-7.745474343,108.994782326,7.00,8.00
18,"Isobaths",Isobath_shell,-7.745474343,108.994764196,7.00,8.00
18,"Isobaths",Isobath_shell,-7.745492428,108.994746065,7.00,8.00
18,"Isobaths",Isobath_shell,-7.745492428,108.994709804,7.00,8.00
19,"Isobaths",Isobath_shell,-7.745456259,108.994836718,8.00,9.00
19,"Isobaths",Isobath_shell,-7.745456259,108.994831352,8.00,9.00
19,"Isobaths",Isobath_shell,-7.745423708,108.994818587,8.00,9.00
19,"Isobaths",Isobath_shell,-7.745380571,108.994727934,8.00,9.00
19,"Isobaths",Isobath_shell,-7.745309444,108.994601021,8.00,9.00
19,"Isobaths",Isobath_shell,-7.74524711,108.994455977,8.00,9.00
19,"Isobaths",Isobath_shell,-7.745213602,108.994401585,8.00,9.00
19,"Isobaths",Isobath_shell,-7.74514883,108.994319191,8.00,9.00
19,"Isobaths",Isobath_shell,-7.745094578,108.994267679,8.00,9.00
19,"Isobaths",Isobath_shell,-7.744949905,108.994161627,8.00,9.00
19,"Isobaths",Isobath_shell,-7.744823316,108.994083159,8.00,9.00
19,"Isobaths",Isobath_shell,-7.744805232,108.994065651,8.00,9.00
19,"Isobaths",Isobath_shell,-7.744732896,108.994028724,8.00,9.00
19,"Isobaths",Isobath_shell,-7.744714812,108.994020844,8.00,9.00
19,"Isobaths",Isobath_shell,-7.744696728,108.994020844,8.00,9.00
19,"Isobaths",Isobath_shell,-7.744696728,108.994038974,8.00,9.00
19,"Isobaths",Isobath_shell,-7.744678643,108.994057105,8.00,9.00
19,"Isobaths",Isobath_shell,-7.744678643,108.994075236,8.00,9.00
19,"Isobaths",Isobath_shell,-7.744696728,108.994075236,8.00,9.00
19,"Isobaths",Isobath_shell,-7.744714812,108.994089997,8.00,9.00
19,"Isobaths",Isobath_shell,-7.744732896,108.994089997,8.00,9.00
19,"Isobaths",Isobath_shell,-7.744787148,108.994118581,8.00,9.00
19,"Isobaths",Isobath_shell,-7.744805232,108.994137692,8.00,9.00
19,"Isobaths",Isobath_shell,-7.745040325,108.994311409,8.00,9.00
19,"Isobaths",Isobath_shell,-7.745094578,108.99436289,8.00,9.00
19,"Isobaths",Isobath_shell,-7.745184998,108.994497711,8.00,9.00
19,"Isobaths",Isobath_shell,-7.745239018,108.994619151,8.00,9.00
19,"Isobaths",Isobath_shell,-7.745302509,108.994727934,8.00,9.00
19,"Isobaths",Isobath_shell,-7.745333159,108.994800457,8.00,9.00
19,"Isobaths",Isobath_shell,-7.745365839,108.994903677,8.00,9.00
19,"Isobaths",Isobath_shell,-7.745383923,108.99491705,8.00,9.00
19,"Isobaths",Isobath_shell,-7.745420091,108.994924482,8.00,9.00
19,"Isobaths",Isobath_shell,-7.745420091,108.994891109,8.00,9.00
19,"Isobaths",Isobath_shell,-7.745438175,108.994872979,8.00,9.00
19,"Isobaths",Isobath_shell,-7.745438175,108.994854848,8.00,9.00
20,"Isobaths",Isobath_shell,-7.744340252,108.997284339,8.00,9.00
20,"Isobaths",Isobath_shell,-7.744340252,108.997248078,8.00,9.00
20,"Isobaths",Isobath_shell,-7.744323379,108.997211816,8.00,9.00
20,"Isobaths",Isobath_shell,-7.744280793,108.997170784,8.00,9.00
20,"Isobaths",Isobath_shell,-7.744244625,108.99715801,8.00,9.00
20,"Isobaths",Isobath_shell,-7.744226541,108.997160551,8.00,9.00
20,"Isobaths",Isobath_shell,-7.744183139,108.997211816,8.00,9.00
20,"Isobaths",Isobath_shell,-7.744136121,108.997241398,8.00,9.00
20,"Isobaths",Isobath_shell,-7.744118037,108.997246567,8.00,9.00
20,"Isobaths",Isobath_shell,-7.744081868,108.997235024,8.00,9.00
20,"Isobaths",Isobath_shell,-7.744066976,108.997193686,8.00,9.00
20,"Isobaths",Isobath_shell,-7.744064789,108.997175555,8.00,9.00
20,"Isobaths",Isobath_shell,-7.744069985,108.997157425,8.00,9.00
20,"Isobaths",Isobath_shell,-7.744057576,108.997084903,8.00,9.00
20,"Isobaths",Isobath_shell,-7.744002673,108.99697612,8.00,9.00
20,"Isobaths",Isobath_shell,-7.743882943,108.996849542,8.00,9.00
20,"Isobaths",Isobath_shell,-7.743810607,108.99682109,8.00,9.00
20,"Isobaths",Isobath_shell,-7.743738271,108.996816502,8.00,9.00
20,"Isobaths",Isobath_shell,-7.743720187,108.996812945,8.00,9.00
20,"Isobaths",Isobath_shell,-7.743702103,108.996831075,8.00,9.00
20,"Isobaths",Isobath_shell,-7.743684018,108.996849206,8.00,9.00
20,"Isobaths",Isobath_shell,-7.743684018,108.996867336,8.00,9.00
20,"Isobaths",Isobath_shell,-7.743665934,108.996885467,8.00,9.00
20,"Isobaths",Isobath_shell,-7.743665934,108.996903598,8.00,9.00
20,"Isobaths",Isobath_shell,-7.74364785,108.996921728,8.00,9.00
20,"Isobaths",Isobath_shell,-7.74364785,108.996939859,8.00,9.00
20,"Isobaths",Isobath_shell,-7.743629766,108.996957989,8.00,9.00
20,"Isobaths",Isobath_shell,-7.743629766,108.99697612,8.00,9.00
20,"Isobaths",Isobath_shell,-7.743611682,108.99699425,8.00,9.00
20,"Isobaths",Isobath_shell,-7.743611682,108.997012381,8.00,9.00
20,"Isobaths",Isobath_shell,-7.743593598,108.997030511,8.00,9.00
20,"Isobaths",Isobath_shell,-7.743593598,108.997048642,8.00,9.00
20,"Isobaths",Isobath_shell,-7.743575514,108.997066772,8.00,9.00
20,"Isobaths",Isobath_shell,-7.743575514,108.997084903,8.00,9.00
20,"Isobaths",Isobath_shell,-7.74355743,108.997103033,8.00,9.00
20,"Isobaths",Isobath_shell,-7.74355743,108.997121164,8.00,9.00
20,"Isobaths",Isobath_shell,-7.743539346,108.997139294,8.00,9.00
20,"Isobaths",Isobath_shell,-7.743539346,108.997157425,8.00,9.00
20,"Isobaths",Isobath_shell,-7.743521262,108.997175555,8.00,9.00
20,"Isobaths",Isobath_shell,-7.743521262,108.997193686,8.00,9.00
20,"Isobaths",Isobath_shell,-7.743539346,108.997175555,8.00,9.00
20,"Isobaths",Isobath_shell,-7.74355743,108.997178595,8.00,9.00
20,"Isobaths",Isobath_shell,-7.743619651,108.997193686,8.00,9.00
20,"Isobaths",Isobath_shell,-7.74364785,108.997231724,8.00,9.00
20,"Isobaths",Isobath_shell,-7.743725813,108.997302469,8.00,9.00
20,"Isobaths",Isobath_shell,-7.743792523,108.997385567,8.00,9.00
20,"Isobaths",Isobath_shell,-7.743862077,108.997447513,8.00,9.00
20,"Isobaths",Isobath_shell,-7.743874433,108.997483774,8.00,9.00
20,"Isobaths",Isobath_shell,-7.743901028,108.997514703,8.00,9.00
20,"Isobaths",Isobath_shell,-7.743937196,108.997527625,8.00,9.00
20,"Isobaths",Isobath_shell,-7.744027616,108.997523893,8.00,9.00
20,"Isobaths",Isobath_shell,-7.744065428,108.997538166,8.00,9.00
20,"Isobaths",Isobath_shell,-7.744106312,108.997628819,8.00,9.00
20,"Isobaths",Isobath_shell,-7.744106312,108.99766508,8.00,9.00
20,"Isobaths",Isobath_shell,-7.744099953,108.99768321,8.00,9.00
20,"Isobaths",Isobath_shell,-7.744118037,108.99766508,8.00,9.00
20,"Isobaths",Isobath_shell,-7.744136121,108.997646949,8.00,9.00
20,"Isobaths",Isobath_shell,-7.744136121,108.997628819,8.00,9.00
20,"Isobaths",Isobath_shell,-7.744154205,108.997610688,8.00,9.00
20,"Isobaths",Isobath_shell,-7.744154205,108.997592557,8.00,9.00
20,"Isobaths",Isobath_shell,-7.744172289,108.997574427,8.00,9.00
20,"Isobaths",Isobath_shell,-7.744190373,108.997556296,8.00,9.00
20,"Isobaths",Isobath_shell,-7.744190373,108.997538166,8.00,9.00
20,"Isobaths",Isobath_shell,-7.744208457,108.997520035,8.00,9.00
20,"Isobaths",Isobath_shell,-7.744208457,108.997501905,8.00,9.00
20,"Isobaths",Isobath_shell,-7.744226541,108.997483774,8.00,9.00
20,"Isobaths",Isobath_shell,-7.744244625,108.997465644,8.00,9.00
20,"Isobaths",Isobath_shell,-7.744244625,108.997447513,8.00,9.00
20,"Isobaths",Isobath_shell,-7.744262709,108.997429383,8.00,9.00
20,"Isobaths",Isobath_shell,-7.744262709,108.997411252,8.00,9.00
20,"Isobaths",Isobath_shell,-7.744280793,108.997393122,8.00,9.00
20,"Isobaths",Isobath_shell,-7.744298878,108.997374991,8.00,9.00
20,"Isobaths",Isobath_shell,-7.744298878,108.997356861,8.00,9.00
20,"Isobaths",Isobath_shell,-7.744316962,108.99733873,8.00,9.00
20,"Isobaths",Isobath_shell,-7.744335046,108.9973206,8.00,9.00
20,"Isobaths",Isobath_shell,-7.744335046,108.997302469,8.00,9.00
21,"Isobaths",Isobath_shell,-7.74465788,108.996758553,9.00,10.00
21,"Isobaths",Isobath_shell,-7.744657414,108.996704162,9.00,10.00
21,"Isobaths",Isobath_shell,-7.744624391,108.996658358,9.00,10.00
21,"Isobaths",Isobath_shell,-7.744606307,108.9966483,9.00,10.00
21,"Isobaths",Isobath_shell,-7.744552055,108.99664437,9.00,10.00
21,"Isobaths",Isobath_shell,-7.744497803,108.996657022,9.00,10.00
21,"Isobaths",Isobath_shell,-7.744425466,108.996707913,9.00,10.00
21,"Isobaths",Isobath_shell,-7.744407382,108.996716249,9.00,10.00
21,"Isobaths",Isobath_shell,-7.744371214,108.996718062,9.00,10.00
21,"Isobaths",Isobath_shell,-7.744339805,108.996704162,9.00,10.00
21,"Isobaths",Isobath_shell,-7.744326004,108.996686031,9.00,10.00
21,"Isobaths",Isobath_shell,-7.744276273,108.996577248,9.00,10.00
21,"Isobaths",Isobath_shell,-7.744262709,108.996565593,9.00,10.00
21,"Isobaths",Isobath_shell,-7.744208457,108.996562139,9.00,10.00
21,"Isobaths",Isobath_shell,-7.744099953,108.996575176,9.00,10.00
21,"Isobaths",Isobath_shell,-7.744027616,108.996575188,9.00,10.00
21,"Isobaths",Isobath_shell,-7.744009532,108.9965725,9.00,10.00
21,"Isobaths",Isobath_shell,-7.743901028,108.99651523,9.00,10.00
21,"Isobaths",Isobath_shell,-7.743882943,108.996504726,9.00,10.00
21,"Isobaths",Isobath_shell,-7.743864859,108.996522856,9.00,10.00
21,"Isobaths",Isobath_shell,-7.743846775,108.996540987,9.00,10.00
21,"Isobaths",Isobath_shell,-7.743846775,108.996559118,9.00,10.00
21,"Isobaths",Isobath_shell,-7.743828691,108.996577248,9.00,10.00
21,"Isobaths",Isobath_shell,-7.743828691,108.996595379,9.00,10.00
21,"Isobaths",Isobath_shell,-7.743810607,108.996613509,9.00,10.00
21,"Isobaths",Isobath_shell,-7.743810607,108.99663164,9.00,10.00
21,"Isobaths",Isobath_shell,-7.743792523,108.99664977,9.00,10.00
21,"Isobaths",Isobath_shell,-7.743774439,108.996667901,9.00,10.00
21,"Isobaths",Isobath_shell,-7.743774439,108.996686031,9.00,10.00
21,"Isobaths",Isobath_shell,-7.743756355,108.996704162,9.00,10.00
21,"Isobaths",Isobath_shell,-7.743756355,108.996722292,9.00,10.00
21,"Isobaths",Isobath_shell,-7.743738271,108.996740423,9.00,10.00
21,"Isobaths",Isobath_shell,-7.743738271,108.996758553,9.00,10.00
21,"Isobaths",Isobath_shell,-7.743720187,108.996776684,9.00,10.00
21,"Isobaths",Isobath_shell,-7.743720187,108.996794814,9.00,10.00
21,"Isobaths",Isobath_shell,-7.743702103,108.996812945,9.00,10.00
21,"Isobaths",Isobath_shell,-7.743702103,108.996831075,9.00,10.00
21,"Isobaths",Isobath_shell,-7.743720187,108.996812945,9.00,10.00
21,"Isobaths",Isobath_shell,-7.743738271,108.996816502,9.00,10.00
21,"Isobaths",Isobath_shell,-7.743810607,108.99682109,9.00,10.00
21,"Isobaths",Isobath_shell,-7.743882943,108.996849542,9.00,10.00
21,"Isobaths",Isobath_shell,-7.744002673,108.99697612,9.00,10.00
21,"Isobaths",Isobath_shell,-7.744057576,108.997084903,9.00,10.00
21,"Isobaths",Isobath_shell,-7.744069985,108.997157425,9.00,10.00
21,"Isobaths",Isobath_shell,-7.744064789,108.997175555,9.00,10.00
21,"Isobaths",Isobath_shell,-7.744066976,108.997193686,9.00,10.00
21,"Isobaths",Isobath_shell,-7.744081868,108.997235024,9.00,10.00
21,"Isobaths",Isobath_shell,-7.744118037,108.997246567,9.00,10.00
21,"Isobaths",Isobath_shell,-7.744136121,108.997241398,9.00,10.00
21,"Isobaths",Isobath_shell,-7.744183139,108.997211816,9.00,10.00
21,"Isobaths",Isobath_shell,-7.744226541,108.997160551,9.00,10.00
21,"Isobaths",Isobath_shell,-7.744244625,108.99715801,9.00,10.00
21,"Isobaths",Isobath_shell,-7.744280793,108.997170784,9.00,10.00
21,"Isobaths",Isobath_shell,-7.744323379,108.997211816,9.00,10.00
21,"Isobaths",Isobath_shell,-7.744340252,108.997248078,9.00,10.00
21,"Isobaths",Isobath_shell,-7.744340252,108.997284339,9.00,10.00
21,"Isobaths",Isobath_shell,-7.744335046,108.997302469,9.00,10.00
21,"Isobaths",Isobath_shell,-7.74435313,108.997284339,9.00,10.00
21,"Isobaths",Isobath_shell,-7.74435313,108.997266208,9.00,10.00
21,"Isobaths",Isobath_shell,-7.744371214,108.997248078,9.00,10.00
21,"Isobaths",Isobath_shell,-7.744389298,108.997229947,9.00,10.00
21,"Isobaths",Isobath_shell,-7.744389298,108.997211816,9.00,10.00
21,"Isobaths",Isobath_shell,-7.744407382,108.997193686,9.00,10.00
21,"Isobaths",Isobath_shell,-7.744425466,108.997175555,9.00,10.00
21,"Isobaths",Isobath_shell,-7.744425466,108.997157425,9.00,10.00
21,"Isobaths",Isobath_shell,-7.74444355,108.997139294,9.00,10.00
21,"Isobaths",Isobath_shell,-7.74444355,108.997121164,9.00,10.00
21,"Isobaths",Isobath_shell,-7.744461634,108.997103033,9.00,10.00
21,"Isobaths",Isobath_shell,-7.744479718,108.997084903,9.00,10.00
21,"Isobaths",Isobath_shell,-7.744479718,108.997066772,9.00,10.00
21,"Isobaths",Isobath_shell,-7.744497803,108.997048642,9.00,10.00
21,"Isobaths",Isobath_shell,-7.744515887,108.997030511,9.00,10.00
21,"Isobaths",Isobath_shell,-7.744515887,108.997012381,9.00,10.00
21,"Isobaths",Isobath_shell,-7.744533971,108.99699425,9.00,10.00
21,"Isobaths",Isobath_shell,-7.744552055,108.99697612,9.00,10.00
21,"Isobaths",Isobath_shell,-7.744552055,108.996957989,9.00,10.00
21,"Isobaths",Isobath_shell,-7.744570139,108.996939859,9.00,10.00
21,"Isobaths",Isobath_shell,-7.744570139,108.996921728,9.00,10.00
21,"Isobaths",Isobath_shell,-7.744588223,108.996903598,9.00,10.00
21,"Isobaths",Isobath_shell,-7.744588223,108.996885467,9.00,10.00
21,"Isobaths",Isobath_shell,-7.744606307,108.996867336,9.00,10.00
21,"Isobaths",Isobath_shell,-7.744606307,108.996849206,9.00,10.00
21,"Isobaths",Isobath_shell,-7.744624391,108.996831075,9.00,10.00
21,"Isobaths",Isobath_shell,-7.744624391,108.996812945,9.00,10.00
21,"Isobaths",Isobath_shell,-7.744642475,108.996794814,9.00,10.00
21,"Isobaths",Isobath_shell,-7.744642475,108.996776684,9.00,10.00
22,"Isobaths",Isobath_shell,-7.745420091,108.994945501,9.00,10.00
22,"Isobaths",Isobath_shell,-7.745420091,108.994924482,9.00,10.00
22,"Isobaths",Isobath_shell,-7.745383923,108.99491705,9.00,10.00
22,"Isobaths",Isobath_shell,-7.745365839,108.994903677,9.00,10.00
22,"Isobaths",Isobath_shell,-7.745333159,108.994800457,9.00,10.00
22,"Isobaths",Isobath_shell,-7.745302509,108.994727934,9.00,10.00
22,"Isobaths",Isobath_shell,-7.745239018,108.994619151,9.00,10.00
22,"Isobaths",Isobath_shell,-7.745184998,108.994497711,9.00,10.00
22,"Isobaths",Isobath_shell,-7.745094578,108.99436289,9.00,10.00
22,"Isobaths",Isobath_shell,-7.745040325,108.994311409,9.00,10.00
22,"Isobaths",Isobath_shell,-7.744805232,108.994137692,9.00,10.00
22,"Isobaths",Isobath_shell,-7.744787148,108.994118581,9.00,10.00
22,"Isobaths",Isobath_shell,-7.744732896,108.994089997,9.00,10.00
22,"Isobaths",Isobath_shell,-7.744714812,108.994089997,9.00,10.00
22,"Isobaths",Isobath_shell,-7.744696728,108.994075236,9.00,10.00
22,"Isobaths",Isobath_shell,-7.744678643,108.994075236,9.00,10.00
22,"Isobaths",Isobath_shell,-7.744678643,108.994111497,9.00,10.00
22,"Isobaths",Isobath_shell,-7.744660559,108.994129627,9.00,10.00
22,"Isobaths",Isobath_shell,-7.744678643,108.994129627,9.00,10.00
22,"Isobaths",Isobath_shell,-7.744696728,108.994143225,9.00,10.00
22,"Isobaths",Isobath_shell,-7.744730047,108.994147758,9.00,10.00
22,"Isobaths",Isobath_shell,-7.744769064,108.994169115,9.00,10.00
22,"Isobaths",Isobath_shell,-7.745027589,108.994401585,9.00,10.00
22,"Isobaths",Isobath_shell,-7.74523925,108.994748718,9.00,10.00
22,"Isobaths",Isobath_shell,-7.745329671,108.994972868,9.00,10.00
22,"Isobaths",Isobath_shell,-7.745365839,108.995016226,9.00,10.00
22,"Isobaths",Isobath_shell,-7.745402007,108.995016226,9.00,10.00
22,"Isobaths",Isobath_shell,-7.745402007,108.994963631,9.00,10.00
23,"Isobaths",Isobath_shell,-7.745402007,108.995018023,10.00,11.00
23,"Isobaths",Isobath_shell,-7.745402007,108.995016226,10.00,11.00
23,"Isobaths",Isobath_shell,-7.745365839,108.995016226,10.00,11.00
23,"Isobaths",Isobath_shell,-7.745329671,108.994972868,10.00,11.00
23,"Isobaths",Isobath_shell,-7.74523925,108.994748718,10.00,11.00
23,"Isobaths",Isobath_shell,-7.745027589,108.994401585,10.00,11.00
23,"Isobaths",Isobath_shell,-7.744769064,108.994169115,10.00,11.00
23,"Isobaths",Isobath_shell,-7.744730047,108.994147758,10.00,11.00
23,"Isobaths",Isobath_shell,-7.744696728,108.994143225,10.00,11.00
23,"Isobaths",Isobath_shell,-7.744678643,108.994129627,10.00,11.00
23,"Isobaths",Isobath_shell,-7.744660559,108.994129627,10.00,11.00
23,"Isobaths",Isobath_shell,-7.744660559,108.994184019,10.00,11.00
23,"Isobaths",Isobath_shell,-7.744642475,108.994202149,10.00,11.00
23,"Isobaths",Isobath_shell,-7.744660559,108.994202149,10.00,11.00
23,"Isobaths",Isobath_shell,-7.744678643,108.994205152,10.00,11.00
23,"Isobaths",Isobath_shell,-7.74475098,108.994220599,10.00,11.00
23,"Isobaths",Isobath_shell,-7.744779111,108.994256541,10.00,11.00
23,"Isobaths",Isobath_shell,-7.744986073,108.994460136,10.00,11.00
23,"Isobaths",Isobath_shell,-7.74501763,108.994510368,10.00,11.00
23,"Isobaths",Isobath_shell,-7.745094578,108.994662446,10.00,11.00
23,"Isobaths",Isobath_shell,-7.745184998,108.994803877,10.00,11.00
23,"Isobaths",Isobath_shell,-7.745249622,108.994963631,10.00,11.00
23,"Isobaths",Isobath_shell,-7.745293503,108.995049751,10.00,11.00
23,"Isobaths",Isobath_shell,-7.745307518,108.995090545,10.00,11.00
23,"Isobaths",Isobath_shell,-7.745329671,108.995101996,10.00,11.00
23,"Isobaths",Isobath_shell,-7.745336479,108.995126806,10.00,11.00
23,"Isobaths",Isobath_shell,-7.745347755,108.995136607,10.00,11.00
23,"Isobaths",Isobath_shell,-7.745365839,108.995136607,10.00,11.00
23,"Isobaths",Isobath_shell,-7.745365839,108.995108675,10.00,11.00
23,"Isobaths",Isobath_shell,-7.745383923,108.995090545,10.00,11.00
23,"Isobaths",Isobath_shell,-7.745383923,108.995036153,10.00,11.00
24,"Isobaths",Isobath_shell,-7.7448414,108.996414073,10.00,11.00
24,"Isobaths",Isobath_shell,-7.7448414,108.996396656,10.00,11.00
24,"Isobaths",Isobath_shell,-7.744832084,108.996323421,10.00,11.00
24,"Isobaths",Isobath_shell,-7.744787148,108.996291133,10.00,11.00
24,"Isobaths",Isobath_shell,-7.744732896,108.996225466,10.00,11.00
24,"Isobaths",Isobath_shell,-7.744623778,108.996142115,10.00,11.00
24,"Isobaths",Isobath_shell,-7.744606307,108.996122207,10.00,11.00
24,"Isobaths",Isobath_shell,-7.74456058,108.996033332,10.00,11.00
24,"Isobaths",Isobath_shell,-7.744533971,108.996002148,10.00,11.00
24,"Isobaths",Isobath_shell,-7.744497803,108.995989457,10.00,11.00
24,"Isobaths",Isobath_shell,-7.744425466,108.995983207,10.00,11.00
24,"Isobaths",Isobath_shell,-7.744389298,108.99596241,10.00,11.00
24,"Isobaths",Isobath_shell,-7.744350116,108.995924549,10.00,11.00
24,"Isobaths",Isobath_shell,-7.744316962,108.995909715,10.00,11.00
24,"Isobaths",Isobath_shell,-7.744280793,108.995916109,10.00,11.00
24,"Isobaths",Isobath_shell,-7.744190373,108.995950328,10.00,11.00
24,"Isobaths",Isobath_shell,-7.744099953,108.995963694,10.00,11.00
24,"Isobaths",Isobath_shell,-7.744081868,108.99596081,10.00,11.00
24,"Isobaths",Isobath_shell,-7.744063784,108.995978941,10.00,11.00
24,"Isobaths",Isobath_shell,-7.744063784,108.996015202,10.00,11.00
24,"Isobaths",Isobath_shell,-7.7440457,108.996033332,10.00,11.00
24,"Isobaths",Isobath_shell,-7.7440457,108.996069593,10.00,11.00
24,"Isobaths",Isobath_shell,-7.744027616,108.996087724,10.00,11.00
24,"Isobaths",Isobath_shell,-7.744027616,108.996123985,10.00,11.00
24,"Isobaths",Isobath_shell,-7.744009532,108.996142115,10.00,11.00
24,"Isobaths",Isobath_shell,-7.744009532,108.996196507,10.00,11.00
24,"Isobaths",Isobath_shell,-7.743991448,108.996214638,10.00,11.00
24,"Isobaths",Isobath_shell,-7.743991448,108.996250899,10.00,11.00
24,"Isobaths",Isobath_shell,-7.743973364,108.996269029,10.00,11.00
24,"Isobaths",Isobath_shell,-7.743973364,108.99630529,10.00,11.00
24,"Isobaths",Isobath_shell,-7.74395528,108.996323421,10.00,11.00
24,"Isobaths",Isobath_shell,-7.74395528,108.996341551,10.00,11.00
24,"Isobaths",Isobath_shell,-7.743937196,108.996359682,10.00,11.00
24,"Isobaths",Isobath_shell,-7.743937196,108.996377812,10.00,11.00
24,"Isobaths",Isobath_shell,-7.743919112,108.996395943,10.00,11.00
24,"Isobaths",Isobath_shell,-7.743919112,108.996414073,10.00,11.00
24,"Isobaths",Isobath_shell,-7.743901028,108.996432204,10.00,11.00
24,"Isobaths",Isobath_shell,-7.743901028,108.996450334,10.00,11.00
24,"Isobaths",Isobath_shell,-7.743882943,108.996468465,10.00,11.00
24,"Isobaths",Isobath_shell,-7.743882943,108.996486595,10.00,11.00
24,"Isobaths",Isobath_shell,-7.743864859,108.996504726,10.00,11.00
24,"Isobaths",Isobath_shell,-7.743864859,108.996522856,10.00,11.00
24,"Isobaths",Isobath_shell,-7.743882943,108.996504726,10.00,11.00
24,"Isobaths",Isobath_shell,-7.743901028,108.99651523,10.00,11.00
24,"Isobaths",Isobath_shell,-7.744009532,108.9965725,10.00,11.00
24,"Isobaths",Isobath_shell,-7.744027616,108.996575188,10.00,11.00
24,"Isobaths",Isobath_shell,-7.744099953,108.996575176,10.00,11.00
24,"Isobaths",Isobath_shell,-7.744208457,108.996562139,10.00,11.00
24,"Isobaths",Isobath_shell,-7.744262709,108.996565593,10.00,11.00
24,"Isobaths",Isobath_shell,-7.744276273,108.996577248,10.00,11.00
24,"Isobaths",Isobath_shell,-7.744326004,108.996686031,10.00,11.00
24,"Isobaths",Isobath_shell,-7.744339805,108.996704162,10.00,11.00
24,"Isobaths",Isobath_shell,-7.744371214,108.996718062,10.00,11.00
24,"Isobaths",Isobath_shell,-7.744407382,108.996716249,10.00,11.00
24,"Isobaths",Isobath_shell,-7.744425466,108.996707913,10.00,11.00
24,"Isobaths",Isobath_shell,-7.744497803,108.996657022,10.00,11.00
24,"Isobaths",Isobath_shell,-7.744552055,108.99664437,10.00,11.00
24,"Isobaths",Isobath_shell,-7.744606307,108.9966483,10.00,11.00
24,"Isobaths",Isobath_shell,-7.744624391,108.996658358,10.00,11.00
24,"Isobaths",Isobath_shell,-7.744657414,108.996704162,10.00,11.00
24,"Isobaths",Isobath_shell,-7.74465788,108.996758553,10.00,11.00
24,"Isobaths",Isobath_shell,-7.744642475,108.996776684,10.00,11.00
24,"Isobaths",Isobath_shell,-7.744660559,108.996758553,10.00,11.00
24,"Isobaths",Isobath_shell,-7.744660559,108.996740423,10.00,11.00
24,"Isobaths",Isobath_shell,-7.744678643,108.996722292,10.00,11.00
24,"Isobaths",Isobath_shell,-7.744678643,108.996704162,10.00,11.00
24,"Isobaths",Isobath_shell,-7.744696728,108.996686031,10.00,11.00
24,"Isobaths",Isobath_shell,-7.744696728,108.996667901,10.00,11.00
24,"Isobaths",Isobath_shell,-7.744714812,108.99664977,10.00,11.00
24,"Isobaths",Isobath_shell,-7.744714812,108.99663164,10.00,11.00
24,"Isobaths",Isobath_shell,-7.744732896,108.996613509,10.00,11.00
24,"Isobaths",Isobath_shell,-7.744732896,108.996595379,10.00,11.00
24,"Isobaths",Isobath_shell,-7.74475098,108.996577248,10.00,11.00
24,"Isobaths",Isobath_shell,-7.74475098,108.996559118,10.00,11.00
24,"Isobaths",Isobath_shell,-7.744769064,108.996540987,10.00,11.00
24,"Isobaths",Isobath_shell,-7.744769064,108.996522856,10.00,11.00
24,"Isobaths",Isobath_shell,-7.744787148,108.996504726,10.00,11.00
24,"Isobaths",Isobath_shell,-7.744805232,108.996486595,10.00,11.00
24,"Isobaths",Isobath_shell,-7.744805232,108.996468465,10.00,11.00
24,"Isobaths",Isobath_shell,-7.744823316,108.996450334,10.00,11.00
24,"Isobaths",Isobath_shell,-7.744823316,108.996432204,10.00,11.00
25,"Isobaths",Isobath_shell,-7.744949905,108.996142115,11.00,12.00
25,"Isobaths",Isobath_shell,-7.744949905,108.996132787,11.00,12.00
25,"Isobaths",Isobath_shell,-7.744928693,108.996123985,11.00,12.00
25,"Isobaths",Isobath_shell,-7.7449262,108.996105854,11.00,12.00
25,"Isobaths",Isobath_shell,-7.744913737,108.996088731,11.00,12.00
25,"Isobaths",Isobath_shell,-7.744895653,108.996081896,11.00,12.00
25,"Isobaths",Isobath_shell,-7.744823818,108.996015202,11.00,12.00
25,"Isobaths",Isobath_shell,-7.744808849,108.995997071,11.00,12.00
25,"Isobaths",Isobath_shell,-7.744760415,108.995906419,11.00,12.00
25,"Isobaths",Isobath_shell,-7.744643007,108.995797635,11.00,12.00
25,"Isobaths",Isobath_shell,-7.744554723,108.995652591,11.00,12.00
25,"Isobaths",Isobath_shell,-7.744533971,108.995628541,11.00,12.00
25,"Isobaths",Isobath_shell,-7.744479718,108.995604915,11.00,12.00
25,"Isobaths",Isobath_shell,-7.744262709,108.995577093,11.00,12.00
25,"Isobaths",Isobath_shell,-7.744244625,108.995560152,11.00,12.00
25,"Isobaths",Isobath_shell,-7.744226541,108.995543808,11.00,12.00
25,"Isobaths",Isobath_shell,-7.744208457,108.995561939,11.00,12.00
25,"Isobaths",Isobath_shell,-7.744190373,108.995580069,11.00,12.00
25,"Isobaths",Isobath_shell,-7.744190373,108.9955982,11.00,12.00
25,"Isobaths",Isobath_shell,-7.744172289,108.99561633,11.00,12.00
25,"Isobaths",Isobath_shell,-7.744172289,108.995652591,11.00,12.00
25,"Isobaths",Isobath_shell,-7.744154205,108.995670722,11.00,12.00
25,"Isobaths",Isobath_shell,-7.744154205,108.995706983,11.00,12.00
25,"Isobaths",Isobath_shell,-7.744136121,108.995725113,11.00,12.00
25,"Isobaths",Isobath_shell,-7.744136121,108.995743244,11.00,12.00
25,"Isobaths",Isobath_shell,-7.744118037,108.995761374,11.00,12.00
25,"Isobaths",Isobath_shell,-7.744118037,108.995797635,11.00,12.00
25,"Isobaths",Isobath_shell,-7.744099953,108.995815766,11.00,12.00
25,"Isobaths",Isobath_shell,-7.744099953,108.995852027,11.00,12.00
25,"Isobaths",Isobath_shell,-7.744081868,108.995870158,11.00,12.00
25,"Isobaths",Isobath_shell,-7.744081868,108.99594268,11.00,12.00
25,"Isobaths",Isobath_shell,-7.744063784,108.99596081,11.00,12.00
25,"Isobaths",Isobath_shell,-7.744063784,108.995978941,11.00,12.00
25,"Isobaths",Isobath_shell,-7.744081868,108.99596081,11.00,12.00
25,"Isobaths",Isobath_shell,-7.744099953,108.995963694,11.00,12.00
25,"Isobaths",Isobath_shell,-7.744190373,108.995950328,11.00,12.00
25,"Isobaths",Isobath_shell,-7.744280793,108.995916109,11.00,12.00
25,"Isobaths",Isobath_shell,-7.744316962,108.995909715,11.00,12.00
25,"Isobaths",Isobath_shell,-7.744350116,108.995924549,11.00,12.00
25,"Isobaths",Isobath_shell,-7.744389298,108.99596241,11.00,12.00
25,"Isobaths",Isobath_shell,-7.744425466,108.995983207,11.00,12.00
25,"Isobaths",Isobath_shell,-7.744497803,108.995989457,11.00,12.00
25,"Isobaths",Isobath_shell,-7.744533971,108.996002148,11.00,12.00
25,"Isobaths",Isobath_shell,-7.74456058,108.996033332,11.00,12.00
25,"Isobaths",Isobath_shell,-7.744606307,108.996122207,11.00,12.00
25,"Isobaths",Isobath_shell,-7.744623778,108.996142115,11.00,12.00
25,"Isobaths",Isobath_shell,-7.744732896,108.996225466,11.00,12.00
25,"Isobaths",Isobath_shell,-7.744787148,108.996291133,11.00,12.00
25,"Isobaths",Isobath_shell,-7.744832084,108.996323421,11.00,12.00
25,"Isobaths",Isobath_shell,-7.7448414,108.996396656,11.00,12.00
25,"Isobaths",Isobath_shell,-7.7448414,108.996377812,11.00,12.00
25,"Isobaths",Isobath_shell,-7.744859484,108.996359682,11.00,12.00
25,"Isobaths",Isobath_shell,-7.744859484,108.996341551,11.00,12.00
25,"Isobaths",Isobath_shell,-7.744877568,108.996323421,11.00,12.00
25,"Isobaths",Isobath_shell,-7.744877568,108.99628716,11.00,12.00
25,"Isobaths",Isobath_shell,-7.744895653,108.996269029,11.00,12.00
25,"Isobaths",Isobath_shell,-7.744895653,108.996250899,11.00,12.00
25,"Isobaths",Isobath_shell,-7.744913737,108.996232768,11.00,12.00
25,"Isobaths",Isobath_shell,-7.744913737,108.996196507,11.00,12.00
25,"Isobaths",Isobath_shell,-7.744931821,108.996178377,11.00,12.00
25,"Isobaths",Isobath_shell,-7.744931821,108.996160246,11.00,12.00
26,"Isobaths",Isobath_shell,-7.745365839,108.995163067,11.00,12.00
26,"Isobaths",Isobath_shell,-7.745365839,108.995136607,11.00,12.00
26,"Isobaths",Isobath_shell,-7.745347755,108.995136607,11.00,12.00
26,"Isobaths",Isobath_shell,-7.745336479,108.995126806,11.00,12.00
26,"Isobaths",Isobath_shell,-7.745329671,108.995101996,11.00,12.00
26,"Isobaths",Isobath_shell,-7.745307518,108.995090545,11.00,12.00
26,"Isobaths",Isobath_shell,-7.745293503,108.995049751,11.00,12.00
26,"Isobaths",Isobath_shell,-7.745249622,108.994963631,11.00,12.00
26,"Isobaths",Isobath_shell,-7.745184998,108.994803877,11.00,12.00
26,"Isobaths",Isobath_shell,-7.745094578,108.994662446,11.00,12.00
26,"Isobaths",Isobath_shell,-7.74501763,108.994510368,11.00,12.00
26,"Isobaths",Isobath_shell,-7.744986073,108.994460136,11.00,12.00
26,"Isobaths",Isobath_shell,-7.744779111,108.994256541,11.00,12.00
26,"Isobaths",Isobath_shell,-7.74475098,108.994220599,11.00,12.00
26,"Isobaths",Isobath_shell,-7.744678643,108.994205152,11.00,12.00
26,"Isobaths",Isobath_shell,-7.744660559,108.994202149,11.00,12.00
26,"Isobaths",Isobath_shell,-7.744642475,108.994202149,11.00,12.00
26,"Isobaths",Isobath_shell,-7.744642475,108.99423841,11.00,12.00
26,"Isobaths",Isobath_shell,-7.744660559,108.99423841,11.00,12.00
26,"Isobaths",Isobath_shell,-7.744678643,108.99424738,11.00,12.00
26,"Isobaths",Isobath_shell,-7.744696728,108.994264747,11.00,12.00
26,"Isobaths",Isobath_shell,-7.744732896,108.99427855,11.00,12.00
26,"Isobaths",Isobath_shell,-7.744769064,108.99432547,11.00,12.00
26,"Isobaths",Isobath_shell,-7.744912939,108.994474107,11.00,12.00
26,"Isobaths",Isobath_shell,-7.744953614,108.994528499,11.00,12.00
26,"Isobaths",Isobath_shell,-7.744982309,108.99458289,11.00,12.00
26,"Isobaths",Isobath_shell,-7.745040325,108.994727561,11.00,12.00
26,"Isobaths",Isobath_shell,-7.745114753,108.994872979,11.00,12.00
26,"Isobaths",Isobath_shell,-7.745168496,108.995018023,11.00,12.00
26,"Isobaths",Isobath_shell,-7.745255876,108.995144937,11.00,12.00
26,"Isobaths",Isobath_shell,-7.745275418,108.995218616,11.00,12.00
26,"Isobaths",Isobath_shell,-7.745284067,108.995235589,11.00,12.00
26,"Isobaths",Isobath_shell,-7.745302911,108.99525372,11.00,12.00
26,"Isobaths",Isobath_shell,-7.745303467,108.99527185,11.00,12.00
26,"Isobaths",Isobath_shell,-7.745311587,108.995279585,11.00,12.00
26,"Isobaths",Isobath_shell,-7.745329671,108.995279585,11.00,12.00
26,"Isobaths",Isobath_shell,-7.745329671,108.99525372,11.00,12.00
26,"Isobaths",Isobath_shell,-7.745347755,108.995235589,11.00,12.00
26,"Isobaths",Isobath_shell,-7.745347755,108.995181198,11.00,12.00
27,"Isobaths",Isobath_shell,-7.745043038,108.995906419,12.00,13.00
27,"Isobaths",Isobath_shell,-7.745040325,108.995848318,12.00,13.00
27,"Isobaths",Isobath_shell,-7.744877903,108.995779505,12.00,13.00
27,"Isobaths",Isobath_shell,-7.744812147,108.995725113,12.00,13.00
27,"Isobaths",Isobath_shell,-7.744758098,108.995652591,12.00,13.00
27,"Isobaths",Isobath_shell,-7.744716227,108.995561939,12.00,13.00
27,"Isobaths",Isobath_shell,-7.744682393,108.995525678,12.00,13.00
27,"Isobaths",Isobath_shell,-7.744517766,108.995453155,12.00,13.00
27,"Isobaths",Isobath_shell,-7.744389298,108.995355415,12.00,13.00
27,"Isobaths",Isobath_shell,-7.744335046,108.995334958,12.00,13.00
27,"Isobaths",Isobath_shell,-7.744316962,108.995334958,12.00,13.00
27,"Isobaths",Isobath_shell,-7.744298878,108.995326242,12.00,13.00
27,"Isobaths",Isobath_shell,-7.744280793,108.995344372,12.00,13.00
27,"Isobaths",Isobath_shell,-7.744280793,108.995362503,12.00,13.00
27,"Isobaths",Isobath_shell,-7.744262709,108.995380633,12.00,13.00
27,"Isobaths",Isobath_shell,-7.744262709,108.995398764,12.00,13.00
27,"Isobaths",Isobath_shell,-7.744244625,108.995416894,12.00,13.00
27,"Isobaths",Isobath_shell,-7.744244625,108.995453155,12.00,13.00
27,"Isobaths",Isobath_shell,-7.744226541,108.995471286,12.00,13.00
27,"Isobaths",Isobath_shell,-7.744226541,108.995507547,12.00,13.00
27,"Isobaths",Isobath_shell,-7.744208457,108.995525678,12.00,13.00
27,"Isobaths",Isobath_shell,-7.744208457,108.995561939,12.00,13.00
27,"Isobaths",Isobath_shell,-7.744226541,108.995543808,12.00,13.00
27,"Isobaths",Isobath_shell,-7.744244625,108.995560152,12.00,13.00
27,"Isobaths",Isobath_shell,-7.744262709,108.995577093,12.00,13.00
27,"Isobaths",Isobath_shell,-7.744479718,108.995604915,12.00,13.00
27,"Isobaths",Isobath_shell,-7.744533971,108.995628541,12.00,13.00
27,"Isobaths",Isobath_shell,-7.744554723,108.995652591,12.00,13.00
27,"Isobaths",Isobath_shell,-7.744643007,108.995797635,12.00,13.00
27,"Isobaths",Isobath_shell,-7.744760415,108.995906419,12.00,13.00
27,"Isobaths",Isobath_shell,-7.744808849,108.995997071,12.00,13.00
27,"Isobaths",Isobath_shell,-7.744823818,108.996015202,12.00,13.00
27,"Isobaths",Isobath_shell,-7.744895653,108.996081896,12.00,13.00
27,"Isobaths",Isobath_shell,-7.744913737,108.996088731,12.00,13.00
27,"Isobaths",Isobath_shell,-7.7449262,108.996105854,12.00,13.00
27,"Isobaths",Isobath_shell,-7.744928693,108.996123985,12.00,13.00
27,"Isobaths",Isobath_shell,-7.744949905,108.996132787,12.00,13.00
27,"Isobaths",Isobath_shell,-7.744949905,108.996105854,12.00,13.00
27,"Isobaths",Isobath_shell,-7.744967989,108.996087724,12.00,13.00
27,"Isobaths",Isobath_shell,-7.744967989,108.996069593,12.00,13.00
27,"Isobaths",Isobath_shell,-7.744986073,108.996051463,12.00,13.00
27,"Isobaths",Isobath_shell,-7.744986073,108.996015202,12.00,13.00
27,"Isobaths",Isobath_shell,-7.745004157,108.995997071,12.00,13.00
27,"Isobaths",Isobath_shell,-7.745004157,108.995978941,12.00,13.00
27,"Isobaths",Isobath_shell,-7.745022241,108.99596081,12.00,13.00
27,"Isobaths",Isobath_shell,-7.745022241,108.99594268,12.00,13.00
27,"Isobaths",Isobath_shell,-7.745040325,108.995924549,12.00,13.00
28,"Isobaths",Isobath_shell,-7.745329671,108.995380633,12.00,13.00
28,"Isobaths",Isobath_shell,-7.745329671,108.995279585,12.00,13.00
28,"Isobaths",Isobath_shell,-7.745311587,108.995279585,12.00,13.00
28,"Isobaths",Isobath_shell,-7.745303467,108.99527185,12.00,13.00
28,"Isobaths",Isobath_shell,-7.745302911,108.99525372,12.00,13.00
28,"Isobaths",Isobath_shell,-7.745284067,108.995235589,12.00,13.00
28,"Isobaths",Isobath_shell,-7.745275418,108.995218616,12.00,13.00
28,"Isobaths",Isobath_shell,-7.745255876,108.995144937,12.00,13.00
28,"Isobaths",Isobath_shell,-7.745168496,108.995018023,12.00,13.00
28,"Isobaths",Isobath_shell,-7.745114753,108.994872979,12.00,13.00
28,"Isobaths",Isobath_shell,-7.745040325,108.994727561,12.00,13.00
28,"Isobaths",Isobath_shell,-7.744982309,108.99458289,12.00,13.00
28,"Isobaths",Isobath_shell,-7.744953614,108.994528499,12.00,13.00
28,"Isobaths",Isobath_shell,-7.744912939,108.994474107,12.00,13.00
28,"Isobaths",Isobath_shell,-7.744769064,108.99432547,12.00,13.00
28,"Isobaths",Isobath_shell,-7.744732896,108.99427855,12.00,13.00
28,"Isobaths",Isobath_shell,-7.744696728,108.994264747,12.00,13.00
28,"Isobaths",Isobath_shell,-7.744678643,108.99424738,12.00,13.00
28,"Isobaths",Isobath_shell,-7.744660559,108.99423841,12.00,13.00
28,"Isobaths",Isobath_shell,-7.744642475,108.99423841,12.00,13.00
28,"Isobaths",Isobath_shell,-7.744642475,108.994256541,12.00,13.00
28,"Isobaths",Isobath_shell,-7.744624391,108.994274671,12.00,13.00
28,"Isobaths",Isobath_shell,-7.744624391,108.994292802,12.00,13.00
28,"Isobaths",Isobath_shell,-7.744642475,108.994292802,12.00,13.00
28,"Isobaths",Isobath_shell,-7.744660559,108.99430938,12.00,13.00
28,"Isobaths",Isobath_shell,-7.744666263,108.994329063,12.00,13.00
28,"Isobaths",Isobath_shell,-7.744714812,108.994347536,12.00,13.00
28,"Isobaths",Isobath_shell,-7.744738839,108.994383454,12.00,13.00
28,"Isobaths",Isobath_shell,-7.744823316,108.99447644,12.00,13.00
28,"Isobaths",Isobath_shell,-7.744878407,108.994546629,12.00,13.00
28,"Isobaths",Isobath_shell,-7.744919932,108.994619151,12.00,13.00
28,"Isobaths",Isobath_shell,-7.744955061,108.994709804,12.00,13.00
28,"Isobaths",Isobath_shell,-7.744992484,108.994854848,12.00,13.00
28,"Isobaths",Isobath_shell,-7.745010185,108.99490924,12.00,13.00
28,"Isobaths",Isobath_shell,-7.745066257,108.995036153,12.00,13.00
28,"Isobaths",Isobath_shell,-7.745121039,108.995144937,12.00,13.00
28,"Isobaths",Isobath_shell,-7.745142048,108.995199328,12.00,13.00
28,"Isobaths",Isobath_shell,-7.745156942,108.99525372,12.00,13.00
28,"Isobaths",Isobath_shell,-7.745162393,108.995289981,12.00,13.00
28,"Isobaths",Isobath_shell,-7.745202738,108.995416894,12.00,13.00
28,"Isobaths",Isobath_shell,-7.745213107,108.995471286,12.00,13.00
28,"Isobaths",Isobath_shell,-7.74522305,108.995489417,12.00,13.00
28,"Isobaths",Isobath_shell,-7.745219444,108.995507547,12.00,13.00
28,"Isobaths",Isobath_shell,-7.745219775,108.995580069,12.00,13.00
28,"Isobaths",Isobath_shell,-7.745221166,108.995580069,12.00,13.00
28,"Isobaths",Isobath_shell,-7.745221166,108.995561939,12.00,13.00
28,"Isobaths",Isobath_shell,-7.74523925,108.995543808,12.00,13.00
28,"Isobaths",Isobath_shell,-7.74523925,108.995525678,12.00,13.00
28,"Isobaths",Isobath_shell,-7.745257334,108.995507547,12.00,13.00
28,"Isobaths",Isobath_shell,-7.745257334,108.995489417,12.00,13.00
28,"Isobaths",Isobath_shell,-7.745275418,108.995471286,12.00,13.00
28,"Isobaths",Isobath_shell,-7.745293503,108.995453155,12.00,13.00
28,"Isobaths",Isobath_shell,-7.745293503,108.995435025,12.00,13.00
28,"Isobaths",Isobath_shell,-7.745311587,108.995416894,12.00,13.00
28,"Isobaths",Isobath_shell,-7.745311587,108.995398764,12.00,13.00
29,"Isobaths",Isobath_shell,-7.74522305,108.995489417,13.00,14.00
29,"Isobaths",Isobath_shell,-7.745213107,108.995471286,13.00,14.00
29,"Isobaths",Isobath_shell,-7.745202738,108.995416894,13.00,14.00
29,"Isobaths",Isobath_shell,-7.745162393,108.995289981,13.00,14.00
29,"Isobaths",Isobath_shell,-7.745156942,108.99525372,13.00,14.00
29,"Isobaths",Isobath_shell,-7.745142048,108.995199328,13.00,14.00
29,"Isobaths",Isobath_shell,-7.745121039,108.995144937,13.00,14.00
29,"Isobaths",Isobath_shell,-7.745066257,108.995036153,13.00,14.00
29,"Isobaths",Isobath_shell,-7.745010185,108.99490924,13.00,14.00
29,"Isobaths",Isobath_shell,-7.744992484,108.994854848,13.00,14.00
29,"Isobaths",Isobath_shell,-7.744955061,108.994709804,13.00,14.00
29,"Isobaths",Isobath_shell,-7.744919932,108.994619151,13.00,14.00
29,"Isobaths",Isobath_shell,-7.744878407,108.994546629,13.00,14.00
29,"Isobaths",Isobath_shell,-7.744823316,108.99447644,13.00,14.00
29,"Isobaths",Isobath_shell,-7.744738839,108.994383454,13.00,14.00
29,"Isobaths",Isobath_shell,-7.744714812,108.994347536,13.00,14.00
29,"Isobaths",Isobath_shell,-7.744666263,108.994329063,13.00,14.00
29,"Isobaths",Isobath_shell,-7.744660559,108.99430938,13.00,14.00
29,"Isobaths",Isobath_shell,-7.744642475,108.994292802,13.00,14.00
29,"Isobaths",Isobath_shell,-7.744624391,108.994292802,13.00,14.00
29,"Isobaths",Isobath_shell,-7.744624391,108.994310932,13.00,14.00
29,"Isobaths",Isobath_shell,-7.744606307,108.994329063,13.00,14.00
29,"Isobaths",Isobath_shell,-7.744606307,108.994365324,13.00,14.00
29,"Isobaths",Isobath_shell,-7.744624391,108.994381108,13.00,14.00
29,"Isobaths",Isobath_shell,-7.744645482,108.994383454,13.00,14.00
29,"Isobaths",Isobath_shell,-7.744653208,108.994401585,13.00,14.00
29,"Isobaths",Isobath_shell,-7.744696728,108.99443567,13.00,14.00
29,"Isobaths",Isobath_shell,-7.74477628,108.994528499,13.00,14.00
29,"Isobaths",Isobath_shell,-7.744822875,108.994601021,13.00,14.00
29,"Isobaths",Isobath_shell,-7.744866771,108.994691673,13.00,14.00
29,"Isobaths",Isobath_shell,-7.744895653,108.994796909,13.00,14.00
29,"Isobaths",Isobath_shell,-7.744908545,108.994891109,13.00,14.00
29,"Isobaths",Isobath_shell,-7.74492547,108.994963631,13.00,14.00
29,"Isobaths",Isobath_shell,-7.745003687,108.995163067,13.00,14.00
29,"Isobaths",Isobath_shell,-7.745014139,108.995199328,13.00,14.00
29,"Isobaths",Isobath_shell,-7.745020888,108.99525372,13.00,14.00
29,"Isobaths",Isobath_shell,-7.745020268,108.995326242,13.00,14.00
29,"Isobaths",Isobath_shell,-7.745017218,108.995362503,13.00,14.00
29,"Isobaths",Isobath_shell,-7.745008278,108.995398764,13.00,14.00
29,"Isobaths",Isobath_shell,-7.744986073,108.995441618,13.00,14.00
29,"Isobaths",Isobath_shell,-7.744945007,108.995489417,13.00,14.00
29,"Isobaths",Isobath_shell,-7.744895653,108.995513904,13.00,14.00
29,"Isobaths",Isobath_shell,-7.744859484,108.995514622,13.00,14.00
29,"Isobaths",Isobath_shell,-7.744823316,108.99549389,13.00,14.00
29,"Isobaths",Isobath_shell,-7.744789235,108.995453155,13.00,14.00
29,"Isobaths",Isobath_shell,-7.744769064,108.995440053,13.00,14.00
29,"Isobaths",Isobath_shell,-7.744642475,108.995395626,13.00,14.00
29,"Isobaths",Isobath_shell,-7.744588223,108.99536694,13.00,14.00
29,"Isobaths",Isobath_shell,-7.744425466,108.995235589,13.00,14.00
29,"Isobaths",Isobath_shell,-7.744381806,108.995217459,13.00,14.00
29,"Isobaths",Isobath_shell,-7.744371214,108.995197673,13.00,14.00
29,"Isobaths",Isobath_shell,-7.74435313,108.995181198,13.00,14.00
29,"Isobaths",Isobath_shell,-7.744335046,108.995199328,13.00,14.00
29,"Isobaths",Isobath_shell,-7.744316962,108.995217459,13.00,14.00
29,"Isobaths",Isobath_shell,-7.744316962,108.99525372,13.00,14.00
29,"Isobaths",Isobath_shell,-7.744298878,108.99527185,13.00,14.00
29,"Isobaths",Isobath_shell,-7.744298878,108.995308111,13.00,14.00
29,"Isobaths",Isobath_shell,-7.744280793,108.995326242,13.00,14.00
29,"Isobaths",Isobath_shell,-7.744280793,108.995344372,13.00,14.00
29,"Isobaths",Isobath_shell,-7.744298878,108.995326242,13.00,14.00
29,"Isobaths",Isobath_shell,-7.744316962,108.995334958,13.00,14.00
29,"Isobaths",Isobath_shell,-7.744335046,108.995334958,13.00,14.00
29,"Isobaths",Isobath_shell,-7.744389298,108.995355415,13.00,14.00
29,"Isobaths",Isobath_shell,-7.744517766,108.995453155,13.00,14.00
29,"Isobaths",Isobath_shell,-7.744682393,108.995525678,13.00,14.00
29,"Isobaths",Isobath_shell,-7.744716227,108.995561939,13.00,14.00
29,"Isobaths",Isobath_shell,-7.744758098,108.995652591,13.00,14.00
29,"Isobaths",Isobath_shell,-7.744812147,108.995725113,13.00,14.00
29,"Isobaths",Isobath_shell,-7.744877903,108.995779505,13.00,14.00
29,"Isobaths",Isobath_shell,-7.745040325,108.995848318,13.00,14.00
29,"Isobaths",Isobath_shell,-7.745043038,108.995906419,13.00,14.00
29,"Isobaths",Isobath_shell,-7.745040325,108.995924549,13.00,14.00
29,"Isobaths",Isobath_shell,-7.745058409,108.995906419,13.00,14.00
29,"Isobaths",Isobath_shell,-7.745058409,108.995888288,13.00,14.00
29,"Isobaths",Isobath_shell,-7.745076493,108.995870158,13.00,14.00
29,"Isobaths",Isobath_shell,-7.745076493,108.995852027,13.00,14.00
29,"Isobaths",Isobath_shell,-7.745094578,108.995833897,13.00,14.00
29,"Isobaths",Isobath_shell,-7.745094578,108.995815766,13.00,14.00
29,"Isobaths",Isobath_shell,-7.745112662,108.995797635,13.00,14.00
29,"Isobaths",Isobath_shell,-7.745112662,108.995779505,13.00,14.00
29,"Isobaths",Isobath_shell,-7.745130746,108.995761374,13.00,14.00
29,"Isobaths",Isobath_shell,-7.745130746,108.995743244,13.00,14.00
29,"Isobaths",Isobath_shell,-7.74514883,108.995725113,13.00,14.00
29,"Isobaths",Isobath_shell,-7.74514883,108.995706983,13.00,14.00
29,"Isobaths",Isobath_shell,-7.745166914,108.995688852,13.00,14.00
29,"Isobaths",Isobath_shell,-7.745166914,108.995670722,13.00,14.00
29,"Isobaths",Isobath_shell,-7.745184998,108.995652591,13.00,14.00
29,"Isobaths",Isobath_shell,-7.745184998,108.995634461,13.00,14.00
29,"Isobaths",Isobath_shell,-7.745203082,108.99561633,13.00,14.00
29,"Isobaths",Isobath_shell,-7.745203082,108.9955982,13.00,14.00
29,"Isobaths",Isobath_shell,-7.745221166,108.995580069,13.00,14.00
29,"Isobaths",Isobath_shell,-7.745219775,108.995580069,13.00,14.00
29,"Isobaths",Isobath_shell,-7.745219444,108.995507547,13.00,14.00
30,"Isobaths",Isobath_shell,-7.745020888,108.99525372,14.00,15.00
30,"Isobaths",Isobath_shell,-7.745014139,108.995199328,14.00,15.00
30,"Isobaths",Isobath_shell,-7.745003687,108.995163067,14.00,15.00
30,"Isobaths",Isobath_shell,-7.74492547,108.994963631,14.00,15.00
30,"Isobaths",Isobath_shell,-7.744908545,108.994891109,14.00,15.00
30,"Isobaths",Isobath_shell,-7.744895653,108.994796909,14.00,15.00
30,"Isobaths",Isobath_shell,-7.744866771,108.994691673,14.00,15.00
30,"Isobaths",Isobath_shell,-7.744822875,108.994601021,14.00,15.00
30,"Isobaths",Isobath_shell,-7.74477628,108.994528499,14.00,15.00
30,"Isobaths",Isobath_shell,-7.744696728,108.99443567,14.00,15.00
30,"Isobaths",Isobath_shell,-7.744653208,108.994401585,14.00,15.00
30,"Isobaths",Isobath_shell,-7.744645482,108.994383454,14.00,15.00
30,"Isobaths",Isobath_shell,-7.744624391,108.994381108,14.00,15.00
30,"Isobaths",Isobath_shell,-7.744606307,108.994365324,14.00,15.00
30,"Isobaths",Isobath_shell,-7.744606307,108.994383454,14.00,15.00
30,"Isobaths",Isobath_shell,-7.744588223,108.994401585,14.00,15.00
30,"Isobaths",Isobath_shell,-7.744588223,108.994437846,14.00,15.00
30,"Isobaths",Isobath_shell,-7.744570139,108.994455977,14.00,15.00
30,"Isobaths",Isobath_shell,-7.744570139,108.994474107,14.00,15.00
30,"Isobaths",Isobath_shell,-7.744588223,108.994478492,14.00,15.00
30,"Isobaths",Isobath_shell,-7.744606307,108.994478492,14.00,15.00
30,"Isobaths",Isobath_shell,-7.744669639,108.994510368,14.00,15.00
30,"Isobaths",Isobath_shell,-7.744722505,108.99458289,14.00,15.00
30,"Isobaths",Isobath_shell,-7.744741428,108.994619151,14.00,15.00
30,"Isobaths",Isobath_shell,-7.744783372,108.994727934,14.00,15.00
30,"Isobaths",Isobath_shell,-7.744805032,108.994800457,14.00,15.00
30,"Isobaths",Isobath_shell,-7.74482983,108.994963631,14.00,15.00
30,"Isobaths",Isobath_shell,-7.744864803,108.995072414,14.00,15.00
30,"Isobaths",Isobath_shell,-7.744877987,108.995126806,14.00,15.00
30,"Isobaths",Isobath_shell,-7.744883642,108.995181198,14.00,15.00
30,"Isobaths",Isobath_shell,-7.744877568,108.995215119,14.00,15.00
30,"Isobaths",Isobath_shell,-7.744871011,108.995235589,14.00,15.00
30,"Isobaths",Isobath_shell,-7.744859032,108.99525372,14.00,15.00
30,"Isobaths",Isobath_shell,-7.744812816,108.995289981,14.00,15.00
30,"Isobaths",Isobath_shell,-7.74475098,108.9953066,14.00,15.00
30,"Isobaths",Isobath_shell,-7.744714812,108.995302699,14.00,15.00
30,"Isobaths",Isobath_shell,-7.744660559,108.995280252,14.00,15.00
30,"Isobaths",Isobath_shell,-7.744507164,108.995181198,14.00,15.00
30,"Isobaths",Isobath_shell,-7.74444355,108.995150325,14.00,15.00
30,"Isobaths",Isobath_shell,-7.744407382,108.995143809,14.00,15.00
30,"Isobaths",Isobath_shell,-7.744389298,108.995123517,14.00,15.00
30,"Isobaths",Isobath_shell,-7.744371214,108.995108675,14.00,15.00
30,"Isobaths",Isobath_shell,-7.744335046,108.995144937,14.00,15.00
30,"Isobaths",Isobath_shell,-7.744335046,108.995199328,14.00,15.00
30,"Isobaths",Isobath_shell,-7.74435313,108.995181198,14.00,15.00
30,"Isobaths",Isobath_shell,-7.744371214,108.995197673,14.00,15.00
30,"Isobaths",Isobath_shell,-7.744381806,108.995217459,14.00,15.00
30,"Isobaths",Isobath_shell,-7.744425466,108.995235589,14.00,15.00
30,"Isobaths",Isobath_shell,-7.744588223,108.99536694,14.00,15.00
30,"Isobaths",Isobath_shell,-7.744642475,108.995395626,14.00,15.00
30,"Isobaths",Isobath_shell,-7.744769064,108.995440053,14.00,15.00
30,"Isobaths",Isobath_shell,-7.744789235,108.995453155,14.00,15.00
30,"Isobaths",Isobath_shell,-7.744823316,108.99549389,14.00,15.00
30,"Isobaths",Isobath_shell,-7.744859484,108.995514622,14.00,15.00
30,"Isobaths",Isobath_shell,-7.744895653,108.995513904,14.00,15.00
30,"Isobaths",Isobath_shell,-7.744945007,108.995489417,14.00,15.00
30,"Isobaths",Isobath_shell,-7.744986073,108.995441618,14.00,15.00
30,"Isobaths",Isobath_shell,-7.745008278,108.995398764,14.00,15.00
30,"Isobaths",Isobath_shell,-7.745017218,108.995362503,14.00,15.00
30,"Isobaths",Isobath_shell,-7.745020268,108.995326242,14.00,15.00
31,"Isobaths",Isobath_shell,-7.744883642,108.995181198,15.00,16.00
31,"Isobaths",Isobath_shell,-7.744877987,108.995126806,15.00,16.00
31,"Isobaths",Isobath_shell,-7.744864803,108.995072414,15.00,16.00
31,"Isobaths",Isobath_shell,-7.74482983,108.994963631,15.00,16.00
31,"Isobaths",Isobath_shell,-7.744805032,108.994800457,15.00,16.00
31,"Isobaths",Isobath_shell,-7.744783372,108.994727934,15.00,16.00
31,"Isobaths",Isobath_shell,-7.744741428,108.994619151,15.00,16.00
31,"Isobaths",Isobath_shell,-7.744722505,108.99458289,15.00,16.00
31,"Isobaths",Isobath_shell,-7.744669639,108.994510368,15.00,16.00
31,"Isobaths",Isobath_shell,-7.744606307,108.994478492,15.00,16.00
31,"Isobaths",Isobath_shell,-7.744588223,108.994478492,15.00,16.00
31,"Isobaths",Isobath_shell,-7.744570139,108.994474107,15.00,16.00
31,"Isobaths",Isobath_shell,-7.744570139,108.994492238,15.00,16.00
31,"Isobaths",Isobath_shell,-7.744552055,108.994510368,15.00,16.00
31,"Isobaths",Isobath_shell,-7.744552055,108.994546629,15.00,16.00
31,"Isobaths",Isobath_shell,-7.744533971,108.99456476,15.00,16.00
31,"Isobaths",Isobath_shell,-7.744552055,108.994576726,15.00,16.00
31,"Isobaths",Isobath_shell,-7.744588223,108.994576726,15.00,16.00
31,"Isobaths",Isobath_shell,-7.744641919,108.994619151,15.00,16.00
31,"Isobaths",Isobath_shell,-7.744658213,108.994655412,15.00,16.00
31,"Isobaths",Isobath_shell,-7.744685811,108.994764196,15.00,16.00
31,"Isobaths",Isobath_shell,-7.744693111,108.994854848,15.00,16.00
31,"Isobaths",Isobath_shell,-7.744684295,108.99490924,15.00,16.00
31,"Isobaths",Isobath_shell,-7.744685612,108.994945501,15.00,16.00
31,"Isobaths",Isobath_shell,-7.744696728,108.994992506,15.00,16.00
31,"Isobaths",Isobath_shell,-7.744718187,108.995054284,15.00,16.00
31,"Isobaths",Isobath_shell,-7.744720376,108.995072414,15.00,16.00
31,"Isobaths",Isobath_shell,-7.74471623,108.995090545,15.00,16.00
31,"Isobaths",Isobath_shell,-7.744678643,108.995104437,15.00,16.00
31,"Isobaths",Isobath_shell,-7.744570139,108.995106178,15.00,16.00
31,"Isobaths",Isobath_shell,-7.744497803,108.995093899,15.00,16.00
31,"Isobaths",Isobath_shell,-7.744407382,108.995058882,15.00,16.00
31,"Isobaths",Isobath_shell,-7.744389298,108.995054284,15.00,16.00
31,"Isobaths",Isobath_shell,-7.744371214,108.995072414,15.00,16.00
31,"Isobaths",Isobath_shell,-7.74435313,108.995090545,15.00,16.00
31,"Isobaths",Isobath_shell,-7.74435313,108.995126806,15.00,16.00
31,"Isobaths",Isobath_shell,-7.744371214,108.995108675,15.00,16.00
31,"Isobaths",Isobath_shell,-7.744389298,108.995123517,15.00,16.00
31,"Isobaths",Isobath_shell,-7.744407382,108.995143809,15.00,16.00
31,"Isobaths",Isobath_shell,-7.74444355,108.995150325,15.00,16.00
31,"Isobaths",Isobath_shell,-7.744507164,108.995181198,15.00,16.00
31,"Isobaths",Isobath_shell,-7.744660559,108.995280252,15.00,16.00
31,"Isobaths",Isobath_shell,-7.744714812,108.995302699,15.00,16.00
31,"Isobaths",Isobath_shell,-7.74475098,108.9953066,15.00,16.00
31,"Isobaths",Isobath_shell,-7.744812816,108.995289981,15.00,16.00
31,"Isobaths",Isobath_shell,-7.744859032,108.99525372,15.00,16.00
31,"Isobaths",Isobath_shell,-7.744871011,108.995235589,15.00,16.00
31,"Isobaths",Isobath_shell,-7.744877568,108.995215119,15.00,16.00
32,"Isobaths",Isobath_shell,-7.744720376,108.995072414,16.00,17.00
32,"Isobaths",Isobath_shell,-7.744718187,108.995054284,16.00,17.00
32,"Isobaths",Isobath_shell,-7.744696728,108.994992506,16.00,17.00
32,"Isobaths",Isobath_shell,-7.744685612,108.994945501,16.00,17.00
32,"Isobaths",Isobath_shell,-7.744684295,108.99490924,16.00,17.00
32,"Isobaths",Isobath_shell,-7.744693111,108.994854848,16.00,17.00
32,"Isobaths",Isobath_shell,-7.744685811,108.994764196,16.00,17.00
32,"Isobaths",Isobath_shell,-7.744658213,108.994655412,16.00,17.00
32,"Isobaths",Isobath_shell,-7.744641919,108.994619151,16.00,17.00
32,"Isobaths",Isobath_shell,-7.744588223,108.994576726,16.00,17.00
32,"Isobaths",Isobath_shell,-7.744552055,108.994576726,16.00,17.00
32,"Isobaths",Isobath_shell,-7.744533971,108.99456476,16.00,17.00
32,"Isobaths",Isobath_shell,-7.744533971,108.994601021,16.00,17.00
32,"Isobaths",Isobath_shell,-7.744515887,108.994619151,16.00,17.00
32,"Isobaths",Isobath_shell,-7.744515887,108.994655412,16.00,17.00
32,"Isobaths",Isobath_shell,-7.744497803,108.994673543,16.00,17.00
32,"Isobaths",Isobath_shell,-7.744497803,108.994709804,16.00,17.00
32,"Isobaths",Isobath_shell,-7.744479718,108.994727934,16.00,17.00
32,"Isobaths",Isobath_shell,-7.744479718,108.994764196,16.00,17.00
32,"Isobaths",Isobath_shell,-7.744461634,108.994782326,16.00,17.00
32,"Isobaths",Isobath_shell,-7.744479718,108.994792902,16.00,17.00
32,"Isobaths",Isobath_shell,-7.744515887,108.994792902,16.00,17.00
32,"Isobaths",Isobath_shell,-7.744527189,108.994800457,16.00,17.00
32,"Isobaths",Isobath_shell,-7.744524929,108.994818587,16.00,17.00
32,"Isobaths",Isobath_shell,-7.744505759,108.994836718,16.00,17.00
32,"Isobaths",Isobath_shell,-7.744531627,108.994854848,16.00,17.00
32,"Isobaths",Isobath_shell,-7.744536935,108.994872979,16.00,17.00
32,"Isobaths",Isobath_shell,-7.744536046,108.994891109,16.00,17.00
32,"Isobaths",Isobath_shell,-7.744550763,108.99492737,16.00,17.00
32,"Isobaths",Isobath_shell,-7.744554237,108.994963631,16.00,17.00
32,"Isobaths",Isobath_shell,-7.744552055,108.994975719,16.00,17.00
32,"Isobaths",Isobath_shell,-7.744533971,108.994997186,16.00,17.00
32,"Isobaths",Isobath_shell,-7.744479718,108.995000226,16.00,17.00
32,"Isobaths",Isobath_shell,-7.744461634,108.994998812,16.00,17.00
32,"Isobaths",Isobath_shell,-7.74444355,108.994978643,16.00,17.00
32,"Isobaths",Isobath_shell,-7.744425466,108.994963631,16.00,17.00
32,"Isobaths",Isobath_shell,-7.744407382,108.994981762,16.00,17.00
32,"Isobaths",Isobath_shell,-7.744389298,108.994999892,16.00,17.00
32,"Isobaths",Isobath_shell,-7.744389298,108.995036153,16.00,17.00
32,"Isobaths",Isobath_shell,-7.744371214,108.995054284,16.00,17.00
32,"Isobaths",Isobath_shell,-7.744371214,108.995072414,16.00,17.00
32,"Isobaths",Isobath_shell,-7.744389298,108.995054284,16.00,17.00
32,"Isobaths",Isobath_shell,-7.744407382,108.995058882,16.00,17.00
32,"Isobaths",Isobath_shell,-7.744497803,108.995093899,16.00,17.00
32,"Isobaths",Isobath_shell,-7.744570139,108.995106178,16.00,17.00
32,"Isobaths",Isobath_shell,-7.744678643,108.995104437,16.00,17.00
32,"Isobaths",Isobath_shell,-7.74471623,108.995090545,16.00,17.00
33,"Isobaths",Isobath_shell,-7.744554237,108.994963631,17.00,18.00
33,"Isobaths",Isobath_shell,-7.744550763,108.99492737,17.00,18.00
33,"Isobaths",Isobath_shell,-7.744536046,108.994891109,17.00,18.00
33,"Isobaths",Isobath_shell,-7.744536935,108.994872979,17.00,18.00
33,"Isobaths",Isobath_shell,-7.744531627,108.994854848,17.00,18.00
33,"Isobaths",Isobath_shell,-7.744505759,108.994836718,17.00,18.00
33,"Isobaths",Isobath_shell,-7.744524929,108.994818587,17.00,18.00
33,"Isobaths",Isobath_shell,-7.744527189,108.994800457,17.00,18.00
33,"Isobaths",Isobath_shell,-7.744515887,108.994792902,17.00,18.00
33,"Isobaths",Isobath_shell,-7.744479718,108.994792902,17.00,18.00
33,"Isobaths",Isobath_shell,-7.744461634,108.994782326,17.00,18.00
33,"Isobaths",Isobath_shell,-7.744461634,108.994818587,17.00,18.00
33,"Isobaths",Isobath_shell,-7.74444355,108.994836718,17.00,18.00
33,"Isobaths",Isobath_shell,-7.74444355,108.994872979,17.00,18.00
33,"Isobaths",Isobath_shell,-7.744425466,108.994891109,17.00,18.00
33,"Isobaths",Isobath_shell,-7.744425466,108.99492737,17.00,18.00
33,"Isobaths",Isobath_shell,-7.744407382,108.994945501,17.00,18.00
33,"Isobaths",Isobath_shell,-7.744407382,108.994981762,17.00,18.00
33,"Isobaths",Isobath_shell,-7.744425466,108.994963631,17.00,18.00
33,"Isobaths",Isobath_shell,-7.74444355,108.994978643,17.00,18.00
33,"Isobaths",Isobath_shell,-7.744461634,108.994998812,17.00,18.00
33,"Isobaths",Isobath_shell,-7.744479718,108.995000226,17.00,18.00
33,"Isobaths",Isobath_shell,-7.744533971,108.994997186,17.00,18.00
33,"Isobaths",Isobath_shell,-7.744552055,108.994975719,17.00,18.00
