waktu,heading,wind speed,wind direction
14:34:59,272,0,0
14:35:01,272,0,0
14:35:03,272,0,0
14:35:05,272,0,0
14:35:08,271,0,0
14:35:10,272,0,0
14:35:12,272,0,0
14:35:14,272,0,0
14:35:16,272,0,0
14:35:19,272,0,0
14:35:21,272,0,0
14:35:23,272,0,0
14:35:25,272,0,0
14:35:27,272,0,0
14:35:29,272,0,0
14:35:31,272,0,0
14:35:34,272,0,0
14:35:36,272,0,0
14:35:38,272,0,0
14:35:40,272,0,0
14:35:42,272,0,0
14:35:45,272,0,0
14:35:47,272,0,0
14:35:49,272,0,0
14:35:51,272,0,0
14:35:53,272,0,0
14:35:55,272,0,0
14:35:58,272,0,0
14:36:00,272,0,0
14:36:02,272,0,0
14:36:04,272,0,0
14:36:06,272,0,0
14:36:09,272,0,0
14:36:11,272,0,0
14:36:13,272,0,0
14:36:15,272,0,0
14:36:17,272,0,0
14:36:20,272,0,0
14:36:22,272,0,0
14:36:24,272,0,0
14:36:26,272,0,0
14:36:28,272,0,0
14:36:31,272,0,110
14:36:33,272,0.2,108
14:36:35,272,0.5,111
14:36:37,272,0.5,110
14:36:39,272,0.2,107
14:36:42,272,0.4,106
14:36:44,251,0.3,56
14:36:46,272,0.6,57
14:36:48,272,0.1,60
14:36:50,272,0.7,41
14:36:53,272,0.7,52
14:36:55,272,0.6,32
14:36:57,272,0.4,38
14:36:59,272,0.6,54
14:37:01,272,0.4,55
14:37:04,272,0.4,52
14:37:06,272,0.2,151
14:37:08,272,0.6,113
14:37:10,272,0.4,68
14:37:12,272,0.5,63
14:37:15,272,0.7,116
14:37:17,272,0.6,85
14:37:19,272,0.3,73
14:37:21,272,0.5,73
14:37:23,272,0.6,61
14:37:26,272,0.1,81
14:37:28,272,0.3,126
14:37:30,272,0.5,119
14:37:32,272,0.8,114
14:37:34,272,0.7,350
14:37:37,272,0.6,355
14:37:39,272,0.4,120
14:37:41,272,0.6,179
14:37:43,272,0.6,178
14:37:45,272,0.7,153
14:37:48,272,0.6,83
14:37:50,272,0.1,83
14:37:52,272,0.5,77
14:37:54,272,0,78
14:37:56,272,0.2,68
14:37:58,272,0.2,58
14:38:01,272,0.1,77
14:38:03,272,0.1,77
14:38:05,272,0,79
14:38:07,272,0,128
14:38:09,272,0.1,106
14:38:12,272,0.3,95
14:38:14,272,0.4,100
14:38:16,272,0.1,105
14:38:18,272,0.5,105
14:38:20,272,0,105
14:38:23,272,0,94
14:38:25,272,0.2,93
14:38:27,272,0.1,93
14:38:29,272,0.1,83
14:38:31,272,0.1,79
14:38:34,272,0,79
14:38:36,272,0,94
14:38:38,272,0,89
14:38:40,272,0,89
14:38:42,271,0,87
14:38:45,272,0.2,87
14:38:47,272,0,86
14:38:49,272,0,79
14:38:51,271,0,81
14:38:53,272,0,80
14:38:56,272,0.1,80
14:38:58,272,0.1,80
14:39:00,271,0.1,80
14:39:02,271,0.3,127
14:39:04,271,0.6,122
14:39:07,272,0.6,121
14:39:09,271,0.6,98
14:39:11,271,0.6,103
14:39:13,272,0.6,130
14:39:15,271,0.6,123
14:39:18,271,0.4,75
14:39:20,271,0.6,78
14:39:22,271,0.4,77
14:39:24,271,0.6,97
14:39:26,272,0.6,106
14:39:29,271,1.1,106
14:39:31,271,0.7,149
14:39:33,271,0.6,129
14:39:35,271,0.7,117
14:39:37,271,0.6,87
14:39:40,271,0.5,86
14:39:42,272,0.6,80
14:39:44,272,0.5,99
14:39:46,272,0.6,83
14:39:48,271,0.6,56
14:39:51,272,0.4,34
14:39:53,271,0.7,227
14:39:55,272,0.6,226
14:39:57,271,0.8,226
14:39:59,271,0.8,227
14:40:02,272,0.8,226
14:40:04,272,0.6,227
14:40:06,271,0.5,227
14:40:08,271,0.6,226
14:40:10,272,0.8,226
14:40:13,271,0.6,226
14:40:15,272,0.5,226
14:40:17,271,0.4,227
14:40:19,271,0.6,228
14:40:21,272,0.7,228
14:40:24,272,1.1,228
14:40:26,272,1,228
14:40:28,272,0.7,228
14:40:30,272,0.6,228
14:40:32,271,0.5,228
14:40:35,271,0.6,228
14:40:37,271,0.8,228
14:40:39,271,0.8,172
14:40:41,272,0.8,172
14:40:43,272,0.8,174
14:40:46,272,0.7,188
14:40:48,272,0.8,176
14:40:50,271,0.9,161
14:40:52,272,0.9,159
14:40:54,271,0.9,152
14:40:57,272,1,168
14:40:59,272,0.9,169
14:41:01,272,0.8,168
14:41:03,272,0.7,162
14:41:05,272,0.7,129
14:41:07,272,0.6,130
14:41:09,272,0.6,67
14:41:12,272,0.7,68
14:41:14,272,0.7,85
14:41:16,272,0.6,93
14:41:18,272,0.6,75
14:41:20,272,0.6,155
14:41:23,272,0.7,134
14:41:25,272,0.6,134
14:41:27,272,0.6,134
14:41:29,272,0.9,153
14:41:31,272,0.7,81
14:41:33,272,0.6,28
14:41:35,272,0.4,46
14:41:38,272,0.7,54
14:41:40,271,0.7,35
14:41:42,272,0.6,57
14:41:44,272,0.6,52
14:41:46,272,0.6,51
14:41:48,272,0.6,44
14:41:50,272,0.6,24
14:41:53,272,0.5,38
14:41:55,272,0.2,51
14:41:57,272,0.4,39
14:41:59,272,0.8,28
14:42:01,272,0.7,34
14:42:04,272,0.6,35
14:42:06,272,0.7,76
14:42:08,272,0.9,97
14:42:10,272,0.9,88
14:42:12,272,0.7,69
14:42:14,272,0.8,133
14:42:16,272,0.8,114
14:42:19,272,0.6,65
14:42:21,272,0.8,45
14:42:23,272,0.6,45
14:42:25,271,0.5,52
14:42:27,272,0.6,39
14:42:29,272,0.8,49
14:42:31,272,0.6,68
14:42:33,272,0.6,36
14:42:36,272,0.8,139
14:42:38,272,0.7,217
14:42:40,272,0.5,210
14:42:42,272,0.3,209
14:42:44,272,0.7,177
14:42:47,272,0.6,140
14:42:49,272,0.7,74
14:42:51,272,0.6,83
14:42:53,272,0.6,74
14:42:55,272,0.9,74
14:42:57,272,0.7,52
14:43:00,272,1.3,114
14:43:02,272,1.1,202
14:43:04,272,0.8,203
14:43:06,272,0.6,203
14:43:08,272,0.6,202
14:43:10,272,0.1,201
14:43:12,272,0.3,201
14:43:14,272,0.3,201
14:43:16,272,0.6,201
14:43:19,272,0.6,201
14:43:21,272,0.3,201
14:43:23,272,0.6,201
14:43:25,272,0.5,201
14:43:27,272,0.7,200
14:43:29,272,0.9,194
14:43:32,272,0.9,189
14:43:34,272,1,187
14:43:36,272,1,158
14:43:38,272,0.9,159
14:43:40,272,0.6,159
14:43:42,272,0.7,134
14:43:44,272,0.7,105
14:43:47,272,0.7,71
14:43:49,272,1,214
14:43:51,272,1,198
14:43:53,272,0.7,157
14:43:55,272,0.8,161
14:43:57,272,0.8,158
14:44:00,272,0.9,118
14:44:02,272,0.9,122
14:44:04,272,0.7,123
14:44:06,272,0.7,126
14:44:08,272,0.8,119
14:44:11,272,1,97
14:44:13,272,1,96
14:44:15,272,1.1,97
14:44:17,272,0.9,96
14:44:19,272,0.7,104
14:44:22,272,0.9,84
14:44:24,272,0.8,71
14:44:26,272,0.7,51
14:44:28,272,0.8,56
14:44:30,272,0.7,56
14:44:33,272,0.9,143
14:44:35,272,0.8,74
14:44:37,272,0.7,67
14:44:39,272,0.7,64
14:44:41,272,0.9,69
14:44:43,272,1.1,68
14:44:45,272,0.8,80
14:44:48,272,1,92
14:44:50,272,0.5,146
14:44:52,272,0.6,125
14:44:54,272,0.8,87
14:44:56,272,0.6,90
14:44:59,272,0.9,114
14:45:01,272,0.9,83
14:45:03,272,0.7,86
14:45:05,272,0.6,110
14:45:07,272,0.6,103
14:45:10,272,0.5,60
14:45:12,272,0.6,66
14:45:14,272,0.6,137
14:45:16,272,0.7,83
14:45:18,272,0.8,83
14:45:20,272,0.6,96
14:45:22,272,0.8,127
14:45:25,272,1.1,126
14:45:27,272,0.8,131
14:45:29,272,0.6,131
14:45:31,272,0.7,128
14:45:33,272,0.8,50
14:45:35,272,1,47
14:45:37,272,0.7,43
14:45:40,272,0.6,39
14:45:42,272,1,32
14:45:44,272,0.9,5
14:45:46,272,1.1,3
14:45:48,272,0.6,4
14:45:51,272,0.4,55
14:45:53,272,0.5,40
14:45:55,272,0.4,36
14:45:57,272,1,73
14:45:59,272,1,24
14:46:02,272,1,13
14:46:04,272,0.7,42
14:46:06,272,1.1,44
14:46:08,251,1.3,31
14:46:10,272,1.2,36
14:46:13,272,1,25
14:46:15,272,1.2,24
14:46:17,272,1.2,41
14:46:19,272,1,12
14:46:21,272,1.1,114
14:46:24,272,1,110
14:46:26,272,0.8,137
14:46:28,272,0.8,119
14:46:30,272,1,122
14:46:32,272,1.1,96
14:46:35,272,1.2,76
14:46:37,272,1.1,4
14:46:39,272,0.8,334
14:46:41,272,0.8,335
14:46:43,272,0.6,340
14:46:45,272,0.7,349
14:46:48,272,0.6,353
14:46:50,272,0.1,342
14:46:52,272,0.7,354
14:46:54,272,1.1,61
14:46:56,272,0.8,161
14:46:58,272,0.6,194
14:47:01,272,0.5,194
14:47:03,272,0.5,194
14:47:05,272,0.1,226
14:47:07,272,0,228
14:47:09,272,0.4,228
14:47:11,272,0.6,230
14:47:13,272,0,233
14:47:16,272,0.3,233
14:47:18,272,0.3,233
14:47:20,272,0,232
14:47:22,272,0.1,112
14:47:24,272,0.2,83
14:47:26,272,0.6,150
14:47:29,272,0.8,190
14:47:31,272,0.8,314
14:47:33,272,1.5,246
14:47:35,272,1.2,234
14:47:37,272,1,245
14:47:39,272,0.6,257
14:47:42,272,0.9,257
14:47:44,272,0.7,258
14:47:46,273,0.6,258
14:47:48,272,0.4,259
14:47:50,273,0.6,259
14:47:52,272,1.1,278
14:47:54,272,1,5
14:47:56,273,0.8,315
14:47:59,272,0.8,208
14:48:01,273,0.9,240
14:48:03,273,1.2,123
14:48:05,273,1.1,143
14:48:07,273,1.1,162
14:48:09,273,0.9,164
14:48:11,273,1.2,158
14:48:13,273,1,186
14:48:16,273,0.8,185
14:48:18,273,1,236
14:48:20,273,0.8,282
14:48:22,273,0.6,181
14:48:24,273,0.7,193
14:48:26,273,0.6,229
14:48:29,273,0.1,228
14:48:31,273,0.1,117
14:48:33,273,0,170
14:48:35,273,0,169
14:48:37,273,0,169
14:48:39,273,0,174
14:48:42,274,0.8,173
14:48:44,274,0.9,134
14:48:46,273,0.8,140
14:48:48,274,1,140
14:48:50,274,0.4,148
14:48:52,273,0.6,155
14:48:55,274,0.2,181
14:48:57,274,0.3,179
14:48:59,274,0,169
14:49:01,274,0,193
14:49:03,274,0,191
14:49:05,274,0,175
14:49:08,274,0.8,186
14:49:10,274,0.5,153
14:49:12,274,0.3,154
14:49:14,274,0.4,141
14:49:16,274,0.4,113
14:49:18,274,0.4,114
14:49:21,274,0.3,118
14:49:23,274,0.1,117
14:49:25,274,0.3,117
14:49:27,274,0.1,151
14:49:29,274,0.4,151
14:49:31,274,0,153
14:49:34,274,0,154
14:49:36,274,0.1,181
14:49:38,274,0,183
14:49:40,274,0,296
14:49:42,274,0.2,181
14:49:44,274,0.2,201
14:49:46,274,0.6,227
14:49:48,274,0.9,228
14:49:51,274,0.8,227
14:49:53,274,0.9,228
14:49:55,274,1,292
14:49:57,274,1.1,144
14:49:59,274,1.4,157
14:50:01,274,1.2,158
14:50:03,274,1.1,163
14:50:06,274,1.1,228
14:50:08,274,0.9,266
14:50:10,274,0.8,1
14:50:12,274,1,3
14:50:14,274,1,308
14:50:17,274,1,278
14:50:19,274,1,285
14:50:21,274,1,278
14:50:23,274,0.9,288
14:50:25,274,0.9,311
14:50:28,274,0.7,271
14:50:30,274,0.8,283
14:50:32,274,1.3,32
14:50:34,274,1.2,26
14:50:36,274,1.2,29
14:50:39,274,0.9,29
14:50:41,274,0.8,9
14:50:43,274,0.8,296
14:50:45,274,0.8,303
14:50:47,274,0.7,353
14:50:50,274,0.6,298
14:50:52,274,0.6,255
14:50:54,274,0.9,258
14:50:56,274,0.8,258
14:50:58,274,0.9,258
14:51:00,274,0.8,256
14:51:02,274,1,297
14:51:05,274,0.9,315
14:51:07,274,0.6,316
14:51:09,274,0.6,299
14:51:11,273,0.7,304
14:51:13,274,0.9,277
14:51:15,273,0.7,277
14:51:18,274,0.7,327
14:51:20,274,0.9,314
14:51:22,274,0.9,284
14:51:24,273,0.8,284
14:51:26,274,0.9,284
14:51:28,274,0.8,271
14:51:31,274,0.6,311
14:51:33,274,0.6,335
14:51:35,274,1,93
14:51:37,274,1.3,1
14:51:39,274,1.2,20
14:51:41,274,0.8,23
14:51:43,274,0.7,26
14:51:46,274,0.8,5
14:51:48,274,1,352
14:51:50,274,0.7,352
14:51:52,274,0.8,22
14:51:54,274,0.7,48
14:51:56,274,0.6,310
14:51:59,274,0.7,311
14:52:01,274,0.6,311
14:52:03,274,0.6,312
14:52:05,274,0.8,306
14:52:07,274,0.6,34
14:52:10,274,0.6,58
14:52:12,274,0.3,36
14:52:14,274,0.6,335
14:52:16,274,0.6,327
14:52:18,274,0.7,350
14:52:20,274,1.1,1
14:52:23,274,1.2,47
14:52:25,274,1.1,38
14:52:27,274,1,29
14:52:29,274,1.3,31
14:52:31,274,1.2,34
14:52:34,274,1.4,34
14:52:36,273,1.3,33
14:52:38,273,1.1,65
14:52:40,273,0.6,31
14:52:42,272,0.6,28
14:52:45,271,0.7,26
14:52:47,272,0.9,28
14:52:49,272,0.9,67
14:52:51,272,1.2,66
14:52:53,271,1,29
14:52:56,272,0.6,69
14:52:58,272,0.6,6
14:53:00,272,0.8,11
14:53:02,271,0.7,346
14:53:04,269,0.6,14
14:53:06,270,0.7,99
14:53:09,274,0.6,104
14:53:11,273,0.4,82
14:53:13,272,0.6,35
14:53:15,273,0.2,12
14:53:17,273,0.4,33
14:53:20,273,0.8,37
14:53:22,273,1,35
14:53:24,273,1,34
14:53:26,273,0.7,41
14:53:28,272,0.8,60
14:53:31,273,1,52
14:53:33,272,1,68
14:53:35,273,0.9,75
14:53:37,273,0.6,75
14:53:39,273,0.6,50
14:53:42,273,0.6,24
14:53:44,272,0.5,24
14:53:46,272,0.2,359
14:53:48,272,0.3,1
14:53:50,272,0,2
14:53:53,272,0.2,18
14:53:55,272,0.5,95
14:53:57,272,0.6,49
14:53:59,272,0.6,52
14:54:01,272,0.7,75
14:54:04,272,0.7,74
14:54:06,272,0.7,63
14:54:08,272,1,64
14:54:10,272,0.9,84
14:54:12,272,0.6,71
14:54:15,273,0.8,92
14:54:17,273,0.8,73
14:54:19,273,0.9,85
14:54:21,273,1,84
14:54:23,272,0.6,76
14:54:25,273,0.9,72
14:54:28,273,0.8,79
14:54:30,273,0.9,76
14:54:32,272,0.6,62
14:54:34,273,0.6,105
14:54:36,273,0.6,66
14:54:38,273,0.9,66
14:54:40,273,1,84
14:54:43,272,0.9,82
14:54:45,272,0.7,68
14:54:47,273,0.7,52
14:54:49,273,1,167
14:54:51,273,1.2,66
14:54:53,273,0.8,39
14:54:55,272,1.1,45
14:54:58,273,1.2,90
14:55:00,273,1.2,47
14:55:02,272,0.8,63
14:55:04,273,1.2,75
14:55:06,273,1.2,84
14:55:09,273,1,78
14:55:11,273,0.8,104
14:55:13,273,0.9,39
14:55:15,272,0.7,0
14:55:17,273,0.6,16
14:55:19,272,0.7,354
14:55:21,273,0.6,359
14:55:24,273,0.8,358
14:55:26,272,0.7,358
14:55:28,272,0.7,359
14:55:30,273,0.6,17
14:55:32,273,0.5,19
14:55:34,273,0.6,152
14:55:37,273,1.2,159
14:55:39,272,0.8,139
14:55:41,272,0.8,132
14:55:43,273,0.9,99
14:55:45,272,0.9,0
14:55:48,272,0.7,0
14:55:50,273,0.5,0
14:55:52,273,0.7,0
14:55:54,273,0.7,0
14:55:56,273,0.6,0
14:55:59,273,0.4,0
14:56:01,273,0.4,0
14:56:03,273,0.6,0
14:56:05,273,0.5,0
14:56:07,273,0.6,0
14:56:09,273,0.5,0
14:56:11,273,0.5,0
14:56:14,273,0.7,52
14:56:16,273,0.6,79
14:56:18,272,0.6,78
14:56:20,273,0.6,78
14:56:22,273,0.7,78
14:56:24,273,0.7,77
14:56:27,272,0.8,78
14:56:29,273,0.8,78
14:56:31,272,0.7,77
14:56:33,273,0.7,77
14:56:35,273,0.7,78
14:56:38,273,0.6,70
14:56:40,273,0.8,56
14:56:42,273,0.6,56
14:56:44,273,0.6,56
14:56:46,273,0.5,56
14:56:49,273,0.7,42
14:56:51,273,0.9,51
14:56:53,273,0.6,50
14:56:55,272,0.6,42
14:56:57,272,0.7,42
14:56:59,272,0.7,42
14:57:01,273,0.7,42
14:57:04,272,0.6,41
14:57:06,272,0.7,41
14:57:08,273,0.4,41
14:57:10,272,0.7,16
14:57:12,273,0.6,303
14:57:15,273,0.4,333
14:57:17,273,0.7,332
14:57:19,273,0.9,73
14:57:21,273,0.6,74
14:57:23,273,0.5,74
14:57:26,273,0.3,51
14:57:28,273,0.6,340
14:57:30,273,0.8,339
14:57:32,273,0.8,339
14:57:34,273,0.8,339
14:57:37,273,0.6,6
14:57:39,273,0.6,5
14:57:41,273,0.9,340
14:57:43,273,0.7,81
14:57:45,273,1,83
14:57:48,273,0.9,56
14:57:50,273,0.8,65
14:57:52,273,0.6,29
14:57:54,273,0.6,30
14:57:56,273,0.8,92
14:57:59,272,0.8,94
14:58:01,273,0.8,84
14:58:03,273,0.6,83
14:58:05,273,0.4,31
14:58:07,273,1,346
14:58:10,273,0.8,51
14:58:12,273,0.9,61
14:58:14,273,0.6,40
14:58:16,273,0.6,41
14:58:18,273,0.7,67
14:58:21,273,0.6,357
14:58:23,273,0.6,1
14:58:25,273,0.7,70
14:58:27,273,0.9,86
14:58:29,273,0.8,76
14:58:32,273,0.8,6
14:58:34,273,0.7,6
14:58:36,272,0.6,10
14:58:38,273,1,113
14:58:40,273,0.8,108
14:58:43,273,0.7,106
14:58:45,273,0.7,96
14:58:47,273,0.6,70
14:58:49,273,0.5,103
14:58:51,273,0.6,95
14:58:54,273,0.8,71
14:58:56,273,0.7,67
14:58:58,272,0.7,50
14:59:00,272,0.6,51
14:59:02,273,0.5,65
14:59:04,273,0.6,63
14:59:06,273,0.6,60
14:59:09,273,0.6,65
14:59:11,273,0.6,70
14:59:13,273,0.3,55
14:59:15,273,0.4,79
14:59:17,273,0,79
14:59:19,273,0,79
14:59:21,273,0,52
14:59:24,273,0,23
14:59:26,273,0.2,20
14:59:28,273,0.1,20
14:59:30,273,0,19
14:59:32,273,0,5
14:59:34,272,0.1,3
14:59:37,273,0,3
14:59:39,273,0,3
14:59:41,273,0,339
14:59:43,273,0.4,151
14:59:45,273,0.6,183
14:59:47,272,0,184
14:59:50,273,0.2,185
14:59:52,273,0.7,157
14:59:54,273,0.7,118
14:59:56,272,0.6,144
14:59:58,273,1,147
15:00:00,273,0.7,124
15:00:03,273,0.8,133
15:00:05,273,0.8,131
15:00:07,273,1,216
15:00:09,273,1,207
15:00:11,274,0.9,208
15:00:13,274,0.9,208
15:00:15,274,0.7,207
15:00:18,274,0.6,208
15:00:20,274,0.7,208
15:00:22,274,0.8,208
15:00:24,274,0.8,208
15:00:26,274,0.8,208
15:00:28,274,0.6,208
15:00:31,274,0.8,208
15:00:33,274,1.1,202
15:00:35,274,0.9,203
15:00:37,274,0.7,194
15:00:39,274,0.8,194
15:00:41,274,0.6,196
15:00:44,274,0.7,196
15:00:46,274,0.5,208
15:00:48,274,0.5,206
15:00:50,274,0.4,207
15:00:52,274,0.9,212
15:00:55,274,1.1,228
15:00:57,274,1,244
15:00:59,274,1.1,250
15:01:01,274,0.9,251
15:01:03,274,0.9,331
15:01:06,274,0.8,110
15:01:08,274,1.2,126
15:01:10,274,0.8,3
15:01:12,274,0.9,153
15:01:14,274,1,276
15:01:17,274,0.8,117
15:01:19,274,0.8,105
15:01:21,274,0.7,105
15:01:23,274,0.7,105
15:01:25,274,1,245
15:01:28,274,1.2,151
15:01:30,274,1.9,219
15:01:32,274,1.3,219
15:01:34,275,1.2,219
15:01:36,275,0.9,255
15:01:39,274,0.8,261
15:01:41,274,0.7,261
15:01:43,274,0.7,205
15:01:45,274,0.6,188
15:01:47,274,0.7,187
15:01:50,274,0.2,296
15:01:52,275,0.6,338
15:01:54,274,0.4,328
15:01:56,274,0.3,328
15:01:58,274,0.1,336
15:02:01,274,0.1,333
15:02:03,274,0.2,307
15:02:05,274,0,308
15:02:07,274,0,308
15:02:09,274,0,308
15:02:12,274,0,341
15:02:14,274,0,341
15:02:16,274,0,341
15:02:18,274,0,329
15:02:20,274,0,311
15:02:23,274,0,296
15:02:25,274,0,296
15:02:27,274,0.1,310
15:02:29,274,0,313
15:02:31,274,0,313
15:02:34,274,0.2,313
15:02:36,274,0,313
15:02:38,274,0,314
15:02:40,274,0,313
15:02:42,275,0.1,319
15:02:45,274,0.5,110
15:02:47,274,0.5,124
15:02:49,274,0.1,292
15:02:51,274,0.5,278
15:02:53,274,0.3,279
15:02:56,274,0.6,282
15:02:58,274,0.6,282
15:03:00,274,0.7,302
15:03:02,274,0.6,321
15:03:04,274,0.2,321
15:03:07,274,0.6,307
15:03:09,274,0.3,303
15:03:11,274,0.7,303
15:03:13,274,0.6,304
15:03:15,274,0.2,303
15:03:18,274,0.6,303
15:03:20,274,0.9,303
15:03:22,274,1,304
15:03:24,274,1.1,303
15:03:26,274,0.7,304
15:03:29,274,0.5,303
15:03:31,274,0.5,303
15:03:33,274,0.6,303
15:03:35,274,0.2,304
15:03:37,274,0.8,303
15:03:40,274,0.7,304
15:03:42,274,0.5,304
15:03:44,274,0.6,304
15:03:46,274,0.5,303
15:03:48,274,0.4,303
15:03:51,274,0.6,303
15:03:53,274,0.6,304
15:03:55,274,0.5,304
15:03:57,274,0.5,304
15:03:59,274,0.6,304
15:04:02,274,0.2,303
15:04:04,274,0.5,303
15:04:06,274,0.4,304
15:04:08,274,0.6,303
15:04:10,274,0.6,303
15:04:12,274,0.5,303
15:04:15,274,0.5,303
15:04:17,274,0.7,304
15:04:19,274,0.6,303
15:04:21,274,0.6,303
15:04:23,274,0.6,303
15:04:25,274,0.3,303
15:04:28,274,0.3,303
15:04:30,274,0.6,303
15:04:32,274,0.2,303
15:04:34,274,0.3,303
15:04:36,274,0,303
15:04:38,274,0.3,303
15:04:40,274,0,303
15:04:43,274,0,303
15:04:45,274,0,303
15:04:47,274,0,304
15:04:49,274,0.1,304
15:04:51,275,0.1,304
15:04:54,274,0,303
15:04:56,274,0,303
15:04:58,274,0,303
15:05:00,274,0,304
15:05:02,274,0.1,304
15:05:05,275,0,304
15:05:07,275,0,304
15:05:09,274,0,304
15:05:11,274,0,303
15:05:13,274,0,303
15:05:15,274,0,303
15:05:18,275,0,304
15:05:20,274,0,304
15:05:22,275,0,304
15:05:24,274,0,304
15:05:26,274,0,303
15:05:28,275,0.2,303
15:05:31,274,0,303
15:05:33,274,0.2,303
15:05:35,275,0,303
15:05:37,275,0,303
15:05:39,275,0,303
15:05:42,274,0,303
15:05:44,274,0,304
15:05:46,274,0,304
15:05:48,274,0,304
15:05:50,275,0,303
15:05:53,275,0,303
15:05:55,275,0,303
15:05:57,274,0,304
15:05:59,275,0,304
15:06:01,275,0,303
15:06:04,274,0.1,304
15:06:06,275,0.1,304
15:06:08,275,0.6,304
15:06:10,275,0.8,304
15:06:12,275,0.5,303
15:06:15,275,0.3,303
15:06:17,275,0.5,303
15:06:19,275,0.4,304
15:06:21,275,0.3,304
15:06:23,275,0.2,303
15:06:26,275,0.6,303
15:06:28,275,0.2,303
15:06:30,275,0.4,303
15:06:32,274,0,304
15:06:34,275,0.4,304
15:06:37,275,0.1,304
15:06:39,275,0.3,304
15:06:41,274,0.2,303
15:06:43,274,0,303
15:06:45,274,0,303
15:06:47,275,0,303
15:06:50,275,0,303
15:06:52,275,0,303
15:06:54,274,0,304
15:06:56,275,0.1,304
15:06:58,275,0,304
15:07:00,275,0,303
15:07:03,274,0.1,303
15:07:05,274,0,304
15:07:07,274,0,304
15:07:09,274,0,303
15:07:11,274,0,303
15:07:14,273,0,303
15:07:16,274,0,304
15:07:18,274,0,304
15:07:20,274,0,303
15:07:22,274,0,304
15:07:25,274,0,303
15:07:27,274,0,304
15:07:29,274,0,303
15:07:31,274,0,304
15:07:33,274,0.1,303
15:07:36,274,0,303
15:07:38,274,0,303
15:07:40,273,0,304
15:07:42,274,0,304
15:07:44,274,0,303
15:07:47,274,0,303
15:07:49,274,0,303
15:07:51,274,0,303
15:07:53,274,0,303
15:07:55,273,0,303
15:07:57,274,0,303
15:08:00,274,0.1,303
15:08:02,273,0.1,304
15:08:04,274,0,304
15:08:06,274,0,303
15:08:08,274,0,303
15:08:10,274,0,304
15:08:12,274,0,304
15:08:14,274,0,303
15:08:17,274,0,303
15:08:19,274,0,304
15:08:21,274,0,304
15:08:23,274,0,303
15:08:25,274,0,304
15:08:28,274,0,304
15:08:30,274,0,304
15:08:32,274,0,304
15:08:34,274,0,304
15:08:36,274,0,304
15:08:38,274,0,303
15:08:41,274,0,303
15:08:43,274,0.1,304
15:08:45,274,0.1,304
15:08:47,274,0.5,304
15:08:49,274,0.3,304
15:08:52,274,0.6,304
15:08:54,274,0.5,304
15:08:56,275,0.2,304
15:08:58,275,0,304
15:09:00,275,0,304
15:09:03,275,0.1,304
15:09:05,275,0.6,304
15:09:07,275,0.4,304
15:09:09,275,0.2,304
15:09:11,275,0.3,304
15:09:14,275,0,304
15:09:16,275,0.4,305
15:09:18,275,0,304
15:09:20,276,0.2,304
15:09:22,275,0.2,304
15:09:25,276,0.2,304
15:09:27,275,0,304
15:09:29,275,0,305
15:09:31,276,0,305
15:09:33,276,0,304
15:09:36,276,0,305
15:09:38,276,0,305
15:09:40,276,0,304
15:09:42,276,0,305
15:09:44,276,0.1,305
15:09:47,276,0.1,305
15:09:49,276,0.1,305
15:09:51,275,0.1,304
15:09:53,275,0,305
15:09:55,276,0,304
15:09:58,276,0,304
15:10:00,276,0,304
15:10:02,276,0,304
15:10:04,276,0,304
15:10:06,276,0,304
15:10:09,276,0,304
15:10:11,276,0,304
15:10:13,276,0,304
15:10:15,276,0,304
15:10:17,275,0,304
15:10:20,276,0.4,304
15:10:22,276,0.3,304
15:10:24,276,0.6,304
15:10:26,276,0.2,304
15:10:28,276,0.6,304
15:10:31,276,0.6,304
15:10:33,276,0.4,304
15:10:35,276,0.6,304
15:10:37,276,0.6,304
15:10:39,275,0.7,304
15:10:42,276,0.2,304
15:10:44,275,0.6,304
15:10:46,275,0.4,304
15:10:48,276,0.6,304
15:10:50,276,0.6,304
15:10:52,276,0,304
15:10:55,275,0.2,304
15:10:57,276,0,304
15:10:59,276,0,304
15:11:01,276,0,304
15:11:03,276,0,304
15:11:05,276,0,304
15:11:07,276,0,304
15:11:10,276,0,304
15:11:12,276,0,304
15:11:14,276,0,304
15:11:16,276,0,304
15:11:18,276,0,304
15:11:20,276,0,304
15:11:23,276,0.2,304
15:11:25,276,0.7,304
15:11:27,276,0.7,304
15:11:29,276,0.6,304
15:11:31,276,0.5,304
15:11:33,276,0.6,304
15:11:35,276,0.5,305
15:11:38,276,0.3,305
15:11:40,276,0.5,305
15:11:42,276,0.9,304
15:11:44,276,1,310
15:11:46,276,0.7,311
15:11:49,276,0.7,310
15:11:51,276,0.9,311
15:11:53,276,1,311
15:11:55,275,0.8,311
15:11:57,276,0.6,311
15:11:59,276,0.6,311
15:12:01,276,1,310
15:12:04,276,1.3,306
15:12:06,276,1.1,311
15:12:08,276,0.8,333
15:12:10,276,0.8,333
15:12:12,276,0.6,332
15:12:14,276,1.2,332
15:12:16,276,1.2,333
15:12:19,276,1.3,268
15:12:21,276,1.1,233
15:12:23,276,1.2,239
15:12:25,276,1.2,295
15:12:27,276,0.9,292
15:12:29,276,0.8,327
15:12:31,276,1.1,328
15:12:34,276,1.2,317
15:12:36,276,1.2,356
15:12:38,276,1.6,31
15:12:40,276,1.1,29
15:12:42,276,0.8,24
15:12:44,276,0.6,220
15:12:47,276,0.6,212
15:12:49,276,0.3,269
15:12:51,276,0.6,282
15:12:53,276,0.7,282
15:12:55,276,0.6,282
15:12:57,276,0.5,285
15:12:59,276,0.6,341
15:13:02,276,0.8,219
15:13:04,276,0.7,210
15:13:06,275,0.6,213
15:13:08,276,0.3,213
15:13:10,276,0.7,212
15:13:12,275,0.6,212
15:13:15,276,0.5,208
15:13:17,276,0.1,176
15:13:19,276,0.1,106
15:13:21,276,0.2,121
15:13:23,276,0,111
15:13:25,276,0.2,110
15:13:27,276,0.3,110
15:13:29,276,0,110
15:13:32,276,0.1,112
15:13:34,276,0.2,131
15:13:36,276,0.2,130
15:13:38,276,0,153
15:13:40,276,0,167
15:13:42,276,0,167
15:13:44,276,0,127
15:13:47,276,0,120
15:13:49,276,0,117
15:13:51,276,0,117
15:13:53,276,0,117
15:13:55,276,0.1,117
15:13:57,276,0,117
15:13:59,276,0,117
15:14:01,276,0,117
15:14:04,276,0,117
15:14:06,276,0,117
15:14:08,276,0,117
15:14:10,276,0,117
15:14:12,276,0,117
15:14:15,276,0,117
15:14:17,276,0,117
15:14:19,276,0,117
15:14:21,276,0,117
15:14:23,276,0,117
15:14:26,276,0.1,117
15:14:28,276,0,118
15:14:30,276,0,117
15:14:32,276,0,117
15:14:34,276,0,117
15:14:36,276,0,117
15:14:38,276,0,117
15:14:41,276,0,117
15:14:43,276,0,117
15:14:45,275,0,117
15:14:47,276,0,117
15:14:49,276,0,117
15:14:51,276,0,117
15:14:54,275,0,117
15:14:56,276,0,118
15:14:58,276,0,118
15:15:00,276,0,118
15:15:02,276,0,118
15:15:04,276,0,117
15:15:06,276,0,117
15:15:09,276,0,117
15:15:11,276,0,118
15:15:13,276,0,117
15:15:15,276,0,117
15:15:17,276,0,124
15:15:19,276,0,123
15:15:22,276,0,123
15:15:24,276,0,123
15:15:26,276,0,123
15:15:28,276,0,123
15:15:30,276,0,123
15:15:32,276,0,123
15:15:34,276,0,123
15:15:37,276,0,123
15:15:39,276,0,123
15:15:41,276,0,123
15:15:43,276,0,123
15:15:45,275,0,123
15:15:47,276,0,122
15:15:50,276,0,122
15:15:52,276,0,122
15:15:54,275,0,122
15:15:56,276,0,122
15:15:58,275,0,122
15:16:01,276,0,122
15:16:03,276,0,122
15:16:05,276,0,122
15:16:07,275,0,122
15:16:09,275,0,122
15:16:11,276,0,122
15:16:14,276,0,122
15:16:16,276,0,122
15:16:18,276,0,122
15:16:20,276,0,123
15:16:22,276,0,123
15:16:24,276,0.1,123
15:16:26,276,0,123
15:16:29,276,0.1,123
15:16:31,275,0,123
15:16:33,276,0,123
15:16:35,275,0,123
15:16:37,276,0,123
15:16:39,275,0,123
15:16:42,276,0.1,113
15:16:44,276,0,113
15:16:46,275,0,113
15:16:48,276,0,113
15:16:50,275,0,113
15:16:52,276,0,113
15:16:55,275,0.4,113
15:16:57,276,0.2,113
15:16:59,276,0.5,114
15:17:01,275,0.4,113
15:17:03,276,0.7,113
15:17:05,275,0.5,113
15:17:08,275,0.3,114
15:17:10,276,0.3,114
15:17:12,276,0.5,114
15:17:14,276,0.6,111
15:17:16,276,0.6,111
15:17:18,275,0.7,111
15:17:20,276,0.4,111
15:17:22,276,0.4,111
15:17:25,276,0.4,110
15:17:27,276,0.6,110
15:17:29,276,0.3,110
15:17:31,276,0.6,110
15:17:33,277,0.4,110
15:17:35,276,0.5,110
15:17:38,277,0.5,110
15:17:40,276,0.5,110
15:17:42,277,0.4,110
15:17:44,277,0.6,112
15:17:46,277,0.3,113
15:17:48,277,0.4,113
15:17:50,277,0.6,113
15:17:52,277,0.5,105
15:17:55,277,0.4,105
15:17:57,277,0.6,106
15:17:59,277,0.2,112
15:18:01,277,0.7,111
15:18:03,277,1,111
15:18:05,276,0.9,110
15:18:07,277,0.7,107
15:18:10,277,0.5,94
15:18:12,277,0.7,95
15:18:14,277,1,95
15:18:16,277,1,95
15:18:18,277,0.9,95
15:18:20,277,0.9,89
15:18:22,277,0.9,42
15:18:24,277,1.5,94
15:18:27,277,1.2,85
15:18:29,276,0.8,38
15:18:31,277,0.8,72
15:18:33,277,0.9,1
15:18:35,277,0.6,24
15:18:37,277,0.6,66
15:18:39,276,0.8,95
15:18:42,277,1.1,226
15:18:44,277,1.4,226
15:18:46,276,1.2,212
15:18:48,277,1,213
15:18:50,277,1.1,213
15:18:52,277,0.9,213
15:18:55,277,0.9,213
15:18:57,277,0.6,212
15:18:59,276,1.1,213
15:19:01,277,1.1,214
15:19:03,277,0.7,212
15:19:06,277,1,212
15:19:08,277,1,212
15:19:10,277,0.9,212
15:19:12,277,0.6,212
15:19:14,277,0.6,214
15:19:16,277,0.6,214
15:19:18,277,0.7,214
15:19:21,277,0.7,220
15:19:23,276,1,220
15:19:25,277,0.8,221
15:19:27,277,0.7,223
15:19:29,277,0.8,250
15:19:31,277,0.6,264
15:19:33,277,0.4,256
15:19:36,277,0.6,252
15:19:38,277,0.8,224
15:19:40,277,0.9,224
15:19:42,277,0.6,224
15:19:44,276,0.9,241
15:19:46,277,0.6,269
15:19:49,277,0.6,269
15:19:51,277,0.6,269
15:19:53,277,0.7,265
15:19:55,277,0.6,264
15:19:57,277,0.6,271
15:19:59,277,0.7,271
15:20:02,277,0.6,268
15:20:04,277,1.1,271
15:20:06,277,0.8,217
15:20:08,277,1.1,116
15:20:10,277,1,164
15:20:12,277,0.8,163
15:20:15,277,0.9,165
15:20:17,276,0.6,216
15:20:19,276,0.4,176
15:20:21,277,0.6,177
15:20:23,276,0.7,177
15:20:25,276,0.6,177
15:20:28,277,0.6,189
15:20:30,277,0.7,190
15:20:32,276,0.6,188
15:20:34,277,0.5,202
15:20:36,276,0.7,216
15:20:39,277,0.6,212
15:20:41,277,0.5,216
15:20:43,276,0.7,247
15:20:45,277,0.8,259
15:20:47,276,0.9,229
15:20:50,277,0.9,233
15:20:52,277,1,225
15:20:54,276,0.5,226
15:20:56,277,0.9,253
15:20:58,277,0.9,253
15:21:01,277,1,285
15:21:03,277,1.2,329
15:21:05,277,1.3,347
15:21:07,277,1.2,341
15:21:09,278,1.5,273
15:21:12,277,1.2,266
15:21:14,277,1.1,342
15:21:16,277,0.9,342
15:21:18,278,1,342
15:21:20,277,1,357
15:21:23,278,0.9,77
15:21:25,277,1.2,172
15:21:27,277,1.5,60
15:21:29,278,1.2,359
15:21:31,277,0.9,0
15:21:34,278,0.7,43
15:21:36,277,1.4,298
15:21:38,277,1.6,309
15:21:40,278,1.5,60
15:21:42,277,1.2,309
15:21:45,277,0.9,171
15:21:47,277,1.6,86
15:21:49,278,1.2,103
15:21:51,278,1.1,55
15:21:53,278,0.8,145
15:21:56,278,1.1,92
15:21:58,278,1.2,32
15:22:00,277,1.5,133
15:22:02,278,1.5,136
15:22:04,277,1.4,54
15:22:06,278,1.2,41
15:22:08,277,1.5,58
15:22:11,278,1.5,167
15:22:13,278,1.2,69
15:22:15,278,1.2,351
15:22:17,278,1.2,352
15:22:19,278,1.5,5
15:22:21,277,1.7,278
15:22:24,277,1.2,30
15:22:26,277,1.2,15
15:22:28,277,0.9,337
15:22:30,277,0.7,52
15:22:32,277,1.1,41
15:22:34,277,1.2,102
15:22:37,277,1.2,332
15:22:39,277,0.8,328
15:22:41,277,0.9,328
15:22:43,277,1,328
15:22:45,277,1,170
15:22:48,277,1.3,245
15:22:50,277,1.5,16
15:22:52,277,1.4,308
15:22:54,277,1.2,310
15:22:56,277,1.4,160
15:22:58,277,2,234
15:23:01,277,1.8,233
15:23:03,277,1.8,233
15:23:05,277,1.9,178
15:23:07,277,1.3,138
15:23:09,277,1.9,130
15:23:11,277,1.8,303
15:23:14,277,1.9,29
15:23:16,277,1.7,182
15:23:18,277,1.9,249
15:23:20,276,1.2,223
15:23:22,276,1.2,230
15:23:25,276,2,80
15:23:27,276,1.8,108
15:23:29,276,1.8,131
15:23:31,275,1.3,357
15:23:33,276,1.2,347
15:23:35,275,1.5,1
15:23:37,275,1.4,96
15:23:39,274,1.4,107
15:23:42,274,1.5,41
15:23:44,274,1.2,43
15:23:46,274,1.1,69
15:23:48,274,1.3,340
15:23:50,274,1.4,117
15:23:52,273,1.1,18
15:23:54,273,1.1,359
15:23:56,273,1.1,149
15:23:59,272,1.2,143
15:24:01,272,1.1,359
15:24:03,272,1.1,9
15:24:05,272,1,27
15:24:07,272,0.8,42
15:24:09,271,0.7,89
15:24:11,271,1.5,125
15:24:14,270,1.9,138
15:24:16,270,1.8,232
15:24:18,270,1.8,192
15:24:20,270,1.9,359
15:24:22,270,1.4,1
15:24:24,270,1.2,70
15:24:26,270,1.2,231
15:24:28,269,1.3,0
15:24:31,269,1.2,302
15:24:33,270,1.1,314
15:24:35,269,1.4,315
15:24:37,270,1.1,33
15:24:39,270,2,161
15:24:42,270,2.3,29
15:24:44,270,1.2,150
15:24:46,271,1.3,33
15:24:48,271,1.3,201
15:24:50,271,1.6,252
15:24:52,271,1.4,252
15:24:55,271,1.2,245
15:24:57,271,1.2,304
15:24:59,271,1.3,259
15:25:01,271,1.3,258
15:25:03,271,1.1,265
15:25:05,271,1.2,330
15:25:08,270,1.6,278
15:25:10,270,1.4,336
15:25:12,270,1.5,24
15:25:14,269,1.4,23
15:25:16,269,1.5,269
15:25:18,269,1.5,258
15:25:21,269,1.2,257
15:25:23,269,1.1,328
15:25:25,269,1,164
15:25:27,269,1,166
15:25:29,270,1.1,264
15:25:31,270,1.3,110
15:25:33,270,1.3,18
15:25:36,270,1.3,61
15:25:38,270,1.2,176
15:25:40,270,1.5,103
15:25:42,270,1.1,178
15:25:44,270,0.9,148
15:25:47,270,1,175
15:25:49,269,1.2,171
15:25:51,269,1.3,121
15:25:53,270,3.2,102
15:25:55,269,2.5,165
15:25:57,270,2,103
15:26:00,269,1.5,133
15:26:02,270,1.4,21
15:26:04,270,0.9,69
15:26:06,270,1,85
15:26:08,271,1.3,327
15:26:10,270,1.6,55
15:26:13,271,1.6,343
15:26:15,270,1.4,32
15:26:17,270,1.7,143
15:26:19,271,1.3,13
15:26:21,270,1.2,154
15:26:24,270,1.5,306
15:26:26,270,1.3,330
15:26:28,270,1.2,29
15:26:30,271,1.3,86
15:26:32,271,1.2,47
15:26:34,270,1.5,46
15:26:36,271,1.2,333
15:26:39,271,1.2,357
15:26:41,270,1.1,2
15:26:43,270,0.9,142
15:26:45,270,1.3,41
15:26:47,270,1.5,30
15:26:49,270,1.2,253
15:26:52,270,1.6,152
15:26:54,270,1.7,153
15:26:56,270,1.3,60
15:26:58,270,1.2,29
15:27:00,270,1.1,19
15:27:02,270,0.9,88
15:27:04,270,1.3,98
15:27:06,270,1.4,9
15:27:09,270,1.6,212
15:27:11,270,1.6,244
15:27:13,270,1.6,143
15:27:15,270,1.5,174
15:27:17,270,1.5,168
15:27:19,270,1.3,89
15:27:22,271,1.5,209
15:27:24,271,1.4,56
15:27:26,270,1.3,72
15:27:28,270,1.3,301
15:27:30,270,1.7,94
15:27:32,270,1.6,4
15:27:35,270,1.3,349
15:27:37,270,1.4,130
15:27:39,270,1.9,162
15:27:41,270,1.6,262
15:27:43,271,1.6,268
15:27:45,270,1.3,295
15:27:47,270,1.2,306
15:27:50,270,1.2,248
15:27:52,270,1.4,48
15:27:54,270,1.5,77
15:27:56,270,1,311
15:27:58,270,0.9,358
15:28:01,270,1.7,204
15:28:03,270,1.6,182
15:28:05,271,1.8,74
15:28:07,270,1.9,65
15:28:09,270,1.6,46
15:28:11,270,1.2,53
15:28:13,270,1.6,66
15:28:16,270,1.3,100
15:28:18,270,1.2,357
15:28:20,270,1,26
15:28:22,270,1,14
15:28:24,270,1,135
15:28:26,270,1.1,132
15:28:29,270,1.6,125
15:28:31,270,1.2,129
15:28:33,270,1.2,254
15:28:35,271,1.5,236
15:28:37,270,1.7,156
15:28:40,270,1.6,197
15:28:42,270,1.3,306
15:28:44,270,1.2,58
15:28:46,270,1.3,76
15:28:48,271,1.3,17
15:28:50,270,1.6,49
15:28:52,271,1.6,166
15:28:55,270,1.5,148
15:28:57,271,1.2,157
15:28:59,271,1.1,106
15:29:01,270,0.9,37
15:29:03,270,0.7,232
15:29:05,270,0.7,149
15:29:07,270,1,120
15:29:10,270,0.9,139
15:29:12,270,0.7,171
15:29:14,271,0.6,145
15:29:16,270,0.2,151
15:29:18,271,1,141
15:29:20,270,0.6,154
15:29:22,270,0.6,150
15:29:25,271,0.9,157
15:29:27,270,1.9,84
15:29:29,271,1.4,237
15:29:31,270,1.4,295
15:29:33,271,1.1,313
15:29:35,271,1.2,312
15:29:38,270,1,352
15:29:40,271,1.2,0
15:29:42,271,1.7,79
15:29:44,271,1.5,134
15:29:46,271,1.2,141
15:29:48,271,1.6,355
15:29:51,271,1.2,321
15:29:53,271,1.2,206
15:29:55,271,1.9,92
15:29:57,271,1.9,90
15:29:59,270,2.2,289
15:30:01,271,2.3,210
15:30:03,271,2.1,288
15:30:05,271,1.6,291
15:30:08,271,1.7,304
15:30:10,271,1.5,219
15:30:12,271,1.5,207
15:30:14,271,1.1,163
15:30:16,271,1.7,133
15:30:19,271,1.6,149
15:30:21,270,1.4,145
15:30:23,270,1.5,201
15:30:25,271,1.4,170
15:30:27,270,1.1,164
15:30:29,271,1.2,191
15:30:31,271,1.5,107
15:30:34,271,1.1,146
15:30:36,271,0.9,120
15:30:38,271,1.1,162
15:30:40,270,1,129
15:30:42,270,0.9,160
15:30:44,270,1.2,286
15:30:46,271,1.3,303
15:30:49,271,1.2,232
15:30:51,271,2.6,265
15:30:53,270,2,263
15:30:55,271,1.7,214
15:30:57,271,1.9,252
15:30:59,270,1.5,259
15:31:01,271,1.4,279
15:31:04,271,1.8,315
15:31:06,271,1.3,55
15:31:08,270,1.6,249
15:31:10,270,1.9,355
15:31:12,271,1.7,41
15:31:14,271,1.5,26
15:31:16,271,1.3,67
15:31:18,271,1.5,302
15:31:20,271,1.9,90
15:31:23,270,1.9,83
15:31:25,271,1.2,48
15:31:27,271,1.3,29
15:31:29,271,1.1,12
15:31:31,271,1.2,4
15:31:33,270,1.6,81
15:31:35,271,1.5,112
15:31:38,271,1.9,97
15:31:40,271,1.8,5
15:31:42,271,1.2,341
15:31:44,271,1.2,52
15:31:46,271,1.9,28
15:31:48,271,1.9,110
15:31:50,271,1.8,326
15:31:53,271,1.4,295
15:31:55,271,1.6,318
15:31:57,271,1.9,6
15:31:59,271,1.9,327
15:32:01,271,1.8,278
15:32:03,271,1.3,74
15:32:05,271,1.2,328
15:32:07,271,1.2,341
15:32:10,271,1.4,156
15:32:12,271,1.9,105
15:32:14,271,1.9,189
15:32:16,271,1.5,271
15:32:18,271,1.5,280
15:32:20,270,1.2,323
15:32:23,271,1.2,136
15:32:25,271,1.6,150
15:32:27,271,1.3,299
15:32:29,271,1.4,73
15:32:31,271,1.3,200
15:32:34,271,1.9,243
15:32:36,271,1.1,282
15:32:38,271,1.1,318
15:32:40,271,0.8,110
15:32:42,271,0.8,44
15:32:44,271,1.1,122
15:32:47,271,1.2,133
15:32:49,271,1.4,261
15:32:51,271,1.4,33
15:32:53,271,1.3,52
15:32:55,271,2,219
15:32:58,271,1.1,241
15:33:00,271,1,315
15:33:02,271,1.1,335
15:33:04,271,1.2,82
15:33:06,271,1.5,57
15:33:08,271,1.5,143
15:33:11,271,1.5,112
15:33:13,271,1.6,60
15:33:15,271,1.7,119
15:33:17,271,1.8,190
15:33:19,271,1.2,207
15:33:22,272,0.9,207
15:33:24,272,0.8,210
15:33:26,272,0.5,224
15:33:28,272,0.6,222
15:33:30,271,1.1,223
15:33:33,271,1.2,277
15:33:35,272,1.2,341
15:33:37,271,1,2
15:33:39,272,1.4,99
15:33:41,272,1.4,269
15:33:44,271,1.2,148
15:33:46,271,0.7,336
15:33:48,271,1,263
15:33:50,271,0.5,263
15:33:52,271,0.8,290
15:33:54,271,1.4,249
15:33:56,271,1.2,262
15:33:58,272,1.2,262
15:34:01,272,0.7,268
15:34:03,271,0.8,277
15:34:05,271,1.1,280
15:34:07,271,1.6,228
15:34:09,271,1.6,265
15:34:12,271,1.2,246
15:34:14,271,1.2,86
15:34:16,271,1.2,192
15:34:18,271,1,188
15:34:20,271,1,249
15:34:22,271,0.8,147
15:34:25,271,0.8,263
15:34:27,271,0.8,265
15:34:29,271,0.8,231
15:34:31,271,0.8,239
15:34:33,271,0.8,234
15:34:35,271,0.7,278
15:34:37,271,0.6,270
15:34:40,271,0.6,235
15:34:42,271,0.5,234
15:34:44,271,1.1,237
15:34:46,271,1,236
15:34:48,271,0.6,236
15:34:50,271,0.7,232
15:34:53,271,0.5,247
15:34:55,271,0.8,245
15:34:57,271,0.5,243
15:34:59,271,0.6,243
15:35:01,271,0.8,256
15:35:03,271,0.6,201
15:35:05,271,0.7,190
15:35:08,271,0.8,187
15:35:10,271,0.6,186
15:35:12,271,0.7,203
15:35:14,271,0.8,270
15:35:16,271,1.1,241
15:35:18,271,0.9,242
15:35:20,271,0.7,258
15:35:22,271,0.7,264
15:35:24,271,0.9,158
15:35:26,271,0.9,113
15:35:29,271,0.7,130
15:35:31,271,0.5,135
15:35:33,271,0.8,302
15:35:35,271,0.8,302
15:35:37,271,0.7,302
15:35:39,271,0.6,302
15:35:41,271,0.5,302
15:35:44,271,0.6,285
15:35:46,271,1.1,268
15:35:48,271,0.9,217
15:35:50,271,0.8,217
15:35:52,271,0.8,222
15:35:55,271,0.8,216
15:35:57,271,0.8,201
15:35:59,271,0.7,162
15:36:01,271,0.8,137
15:36:03,271,0.7,148
15:36:06,271,0.6,129
15:36:08,271,0.8,294
15:36:10,271,1.2,327
15:36:12,271,1.1,327
15:36:14,271,1.2,326
15:36:16,271,1.2,339
15:36:18,271,1,326
15:36:21,271,1,18
15:36:23,271,0.8,346
15:36:25,271,0.8,349
15:36:27,271,0.7,348
15:36:29,271,0.1,31
15:36:31,271,0.6,33
15:36:34,271,0.2,0
15:36:36,271,0.6,357
15:36:38,271,0.6,357
15:36:40,271,0.2,357
15:36:42,271,0.5,7
15:36:44,271,0.8,25
15:36:46,271,0.7,24
15:36:49,272,0.7,24
15:36:51,271,0.5,24
15:36:53,271,0.6,24
15:36:55,271,0.6,24
15:36:57,271,0.9,24
15:37:00,271,0.6,23
15:37:02,271,0.6,23
15:37:04,271,0.4,11
15:37:06,271,0.8,3
15:37:08,271,0.6,2
15:37:10,271,0.7,2
15:37:13,271,0.5,17
15:37:15,271,0.1,60
15:37:17,272,0,68
15:37:19,271,0.5,63
15:37:21,271,0.8,62
15:37:23,271,1.1,62
15:37:25,271,0.8,52
15:37:27,272,0.8,303
15:37:29,271,0.9,91
15:37:32,271,0.8,51
15:37:34,271,0.9,53
15:37:36,271,0.7,63
15:37:38,272,0.6,53
15:37:40,271,0.5,49
15:37:42,271,0.6,41
15:37:45,271,0.6,37
15:37:47,271,0.1,41
15:37:49,271,0.6,49
15:37:51,271,0.2,40
15:37:53,272,0.4,41
15:37:55,271,0.2,40
15:37:58,271,0.3,47
15:38:00,271,0.6,64
15:38:02,271,0.8,62
15:38:04,272,0.3,56
15:38:06,271,0.7,64
15:38:08,271,0.8,66
15:38:10,271,1.1,74
15:38:13,271,1.1,81
15:38:15,271,1,350
15:38:17,271,1.3,69
15:38:19,272,1.2,68
15:38:21,271,1.1,45
15:38:23,272,1.1,28
15:38:26,271,1.1,35
15:38:28,271,1.2,24
15:38:30,272,1.2,31
15:38:32,272,1.8,17
15:38:34,271,1.5,38
15:38:36,272,1.5,358
15:38:38,271,1.4,359
15:38:40,271,1.2,45
15:38:43,271,1,323
15:38:45,271,1.2,110
15:38:47,271,1,196
15:38:49,271,1.7,108
15:38:51,272,1.2,190
15:38:53,271,1,66
15:38:55,272,1.1,138
15:38:57,271,1.1,129
15:39:00,272,0.9,132
15:39:02,272,1.2,113
15:39:04,272,1.3,111
15:39:06,272,1.8,105
15:39:08,272,1.4,94
15:39:10,272,1.2,74
15:39:12,271,1.1,77
15:39:14,272,0.9,206
15:39:17,271,1.2,182
15:39:19,271,1.3,210
15:39:21,272,1.2,238
15:39:23,271,1.2,312
15:39:25,271,1.9,45
15:39:27,271,1.4,303
15:39:29,272,1.4,289
15:39:32,271,1.4,306
15:39:34,271,1.7,297
15:39:36,271,1.2,38
15:39:38,271,1.2,220
15:39:40,272,1.1,223
15:39:42,272,1.2,202
15:39:45,271,1.3,244
15:39:47,271,1.1,291
15:39:49,271,1.3,271
15:39:51,272,1.3,300
15:39:53,272,1.9,185
15:39:55,271,1.3,136
15:39:57,271,1.5,16
15:39:59,271,1.4,202
15:40:02,272,1.3,178
15:40:04,271,1.8,213
15:40:06,271,1.7,205
15:40:08,271,1.2,180
15:40:10,271,1.2,76
15:40:12,272,1.2,110
15:40:15,271,1,111
15:40:17,271,1.2,120
15:40:19,272,1.2,343
15:40:21,271,0.9,82
15:40:23,271,0.9,36
15:40:25,271,1.7,262
15:40:27,271,1.5,269
15:40:29,271,1.7,292
15:40:32,271,1.5,298
15:40:34,272,1.8,322
15:40:36,271,2.1,285
15:40:38,271,1.9,358
15:40:40,271,1.4,310
15:40:42,271,1.2,307
15:40:44,271,1.5,312
15:40:46,271,1.3,246
15:40:49,271,1.2,145
15:40:51,271,0.8,126
15:40:53,272,0.5,131
15:40:55,271,0.4,138
15:40:57,271,0.6,167
15:40:59,271,0.6,156
15:41:01,272,0.6,53
15:41:03,271,0.3,36
15:41:06,272,0.6,110
15:41:08,271,0.4,130
15:41:10,271,0.4,130
15:41:12,271,0.4,68
15:41:14,271,0.6,121
15:41:16,271,0.6,112
15:41:19,271,0.2,92
15:41:21,272,0.6,39
15:41:23,271,0.7,94
15:41:25,271,0.7,157
15:41:27,271,0.7,110
15:41:30,271,0.7,94
15:41:32,271,0.6,93
15:41:34,271,0.4,94
15:41:36,271,0.4,94
15:41:38,271,0,97
15:41:41,271,0.3,102
15:41:43,271,0.1,88
15:41:45,271,0.2,89
15:41:47,271,0.5,110
15:41:49,272,0,83
15:41:51,271,0,114
15:41:53,271,0.1,79
15:41:55,271,0.7,90
15:41:58,271,1,119
15:42:00,271,1,131
15:42:02,271,0.6,131
15:42:04,271,0.8,149
15:42:06,271,1.2,44
15:42:08,271,1.2,144
15:42:10,272,0.8,121
15:42:13,271,0.6,148
15:42:15,271,0.6,125
15:42:17,271,0.9,148
15:42:19,271,1.4,332
15:42:21,271,1.2,345
15:42:23,271,1,344
15:42:26,271,1.2,345
15:42:28,271,1.1,345
15:42:30,271,0.6,333
15:42:32,271,1.2,333
15:42:34,271,0.9,333
15:42:37,271,0.8,278
15:42:39,271,1.2,232
15:42:41,271,1.2,55
15:42:43,271,1.1,134
15:42:45,271,0.7,122
15:42:47,271,0.9,124
15:42:49,272,0.9,141
15:42:51,271,1.1,140
15:42:54,271,0.8,139
15:42:56,271,0.7,115
15:42:58,271,1.1,127
15:43:00,271,1.2,294
15:43:02,271,1.1,271
15:43:04,272,0.8,279
15:43:06,272,0.6,308
15:43:09,271,0.6,315
15:43:11,271,0.7,261
15:43:13,272,0.6,230
15:43:15,271,0.5,208
15:43:17,271,0.8,189
15:43:19,271,0.9,27
15:43:22,271,1,37
15:43:24,271,0.9,36
15:43:26,271,0.6,41
15:43:28,271,0.8,122
15:43:30,271,0.6,131
15:43:32,271,0.9,151
15:43:34,271,1.2,49
15:43:37,271,1.2,192
15:43:39,271,1.1,306
15:43:41,271,1,298
15:43:43,271,1.2,301
15:43:45,271,1.1,304
15:43:47,271,0.7,303
15:43:49,271,0.6,303
15:43:52,271,0.6,284
15:43:54,271,0.7,281
15:43:56,271,0.4,269
15:43:58,270,0.6,271
15:44:00,271,0.5,271
15:44:03,270,0.8,312
15:44:05,270,0.7,304
15:44:07,270,0.6,281
15:44:09,270,0.6,283
15:44:11,270,0.4,284
15:44:13,270,0.4,307
15:44:15,270,0.2,306
15:44:17,270,0,306
15:44:19,270,0.7,267
15:44:22,270,1.1,320
15:44:24,270,1.1,320
15:44:26,270,0.8,318
15:44:28,270,1.1,294
15:44:30,270,1.3,219
15:44:32,270,1.7,281
15:44:35,269,1.5,276
15:44:37,269,1.2,297
15:44:39,269,1.2,214
15:44:41,269,1.2,252
15:44:43,269,1.2,281
15:44:45,269,1,270
15:44:48,269,1.2,254
15:44:50,269,1,231
15:44:52,269,1.1,262
15:44:54,269,1.1,128
15:44:56,269,1.2,145
15:44:58,269,1.1,134
15:45:01,269,1.2,270
15:45:03,269,1,246
15:45:05,269,1.1,192
15:45:07,269,1.2,222
15:45:09,269,1.8,194
15:45:11,269,1.6,204
15:45:14,269,1,235
15:45:16,269,0.8,198
15:45:18,269,0.7,121
15:45:20,269,0.6,132
15:45:22,268,0.6,120
15:45:24,268,0.5,117
15:45:27,269,0.6,135
15:45:29,268,0.8,339
15:45:31,268,0.6,338
15:45:33,268,0.6,338
15:45:35,268,1,338
15:45:38,268,0.8,337
15:45:40,269,0.6,337
15:45:42,268,0.4,338
15:45:44,269,0.7,336
15:45:46,269,0.7,336
15:45:48,269,0.8,334
15:45:51,269,1,334
15:45:53,269,0.7,336
15:45:55,269,0.6,335
15:45:57,269,0.5,339
15:45:59,269,1,102
15:46:01,270,1.1,183
15:46:03,270,1.2,245
15:46:06,269,1.3,295
15:46:08,269,1,103
15:46:10,269,1.4,104
15:46:12,269,1.8,122
15:46:14,269,1.4,95
15:46:16,269,1.4,36
15:46:18,269,2,210
15:46:21,269,1.8,214
15:46:23,269,1.1,210
15:46:25,269,1.9,177
15:46:27,269,1.5,155
15:46:29,269,1.1,205
15:46:31,269,1.2,170
15:46:33,269,1.4,249
15:46:36,269,1.6,207
15:46:38,269,1.6,141
15:46:40,269,1.7,221
15:46:42,269,1.7,247
15:46:44,268,1.2,261
15:46:46,268,1.1,325
15:46:48,268,0.8,327
15:46:50,268,0.8,330
15:46:53,268,0.5,347
15:46:55,268,0.8,349
15:46:57,268,1,352
15:46:59,268,0.9,219
15:47:01,268,1.4,230
15:47:03,268,1.2,262
15:47:05,268,1.1,161
15:47:08,268,1.2,149
15:47:10,268,1.2,97
15:47:12,268,1.2,136
15:47:14,268,1,279
15:47:16,268,1.3,293
15:47:18,268,1.2,234
15:47:20,268,1.4,242
15:47:22,268,1,250
15:47:24,268,1.2,303
15:47:27,268,1.2,351
15:47:29,268,1.1,338
15:47:31,268,1,170
15:47:33,268,1.1,114
15:47:35,268,0.8,326
15:47:37,268,1.1,332
15:47:40,268,0.9,352
15:47:42,268,1.2,1
15:47:44,268,1,316
15:47:46,268,1,10
15:47:48,268,1,76
15:47:50,268,1.2,297
15:47:52,268,1.2,327
15:47:54,268,1,88
15:47:56,268,1.2,43
15:47:59,268,1.1,134
15:48:01,268,1.6,183
15:48:03,268,1.9,209
15:48:05,268,1.6,310
15:48:07,268,1.5,61
15:48:09,269,2,124
15:48:11,268,1.9,134
15:48:14,268,1.6,150
15:48:16,268,1.2,78
15:48:18,268,1.1,314
15:48:20,268,0.9,9
15:48:22,268,1,52
15:48:24,268,1,105
15:48:27,268,1.2,310
15:48:29,268,1.2,282
15:48:31,268,1.9,106
15:48:33,268,1.7,247
15:48:35,268,1.4,320
15:48:37,269,1.6,48
15:48:40,268,1.4,97
15:48:42,268,1.5,90
15:48:44,269,1.7,269
15:48:46,268,1.4,84
15:48:48,268,1.1,325
15:48:51,268,1.2,61
15:48:53,268,1.9,163
15:48:55,268,2.2,78
15:48:57,269,1.4,343
15:48:59,268,1.4,342
15:49:02,268,1.2,10
15:49:04,269,1.1,18
15:49:06,268,1,16
15:49:08,268,0.3,21
15:49:10,268,0.6,33
15:49:13,268,0.7,254
15:49:15,268,0.8,321
15:49:17,268,1.2,278
15:49:19,268,1.6,74
15:49:21,268,1.3,10
15:49:24,268,1.2,338
15:49:26,268,1.4,325
15:49:28,269,1.1,341
15:49:30,268,1,78
15:49:32,268,0.9,81
15:49:35,268,1,312
15:49:37,268,0.6,322
15:49:39,268,0.9,203
15:49:41,268,1,180
15:49:43,268,1.2,152
15:49:46,268,1.1,137
15:49:48,268,1.1,149
15:49:50,269,1.4,150
15:49:52,268,1.5,156
15:49:54,268,1.3,141
15:49:57,269,1.5,156
15:49:59,268,1.2,148
15:50:01,268,1.1,155
15:50:03,269,0.8,160
15:50:05,269,0.6,150
15:50:08,269,0.8,157
15:50:10,269,0.9,136
15:50:12,269,0.9,141
15:50:14,269,0.8,99
15:50:16,269,1,169
15:50:19,268,0.9,150
15:50:21,268,0.9,117
15:50:23,268,0.7,101
15:50:25,268,0.9,200
15:50:27,269,0.7,190
15:50:30,268,1,114
15:50:32,269,0.9,131
15:50:34,269,0.9,254
15:50:36,268,0.7,342
15:50:38,269,0.7,322
15:50:41,269,0.8,321
15:50:43,268,0.8,1
15:50:45,268,0.8,314
15:50:47,269,0.8,37
15:50:49,268,1.2,306
15:50:52,268,1,78
15:50:54,268,1,43
15:50:56,268,0.9,297
15:50:58,268,1.3,325
15:51:00,269,1.2,352
15:51:03,269,1.6,47
15:51:05,269,1.3,121
15:51:07,269,1,85
15:51:09,269,1,79
15:51:11,269,0.9,35
15:51:14,269,0.9,187
15:51:16,270,0.9,77
15:51:18,270,0.7,343
15:51:20,270,1.1,322
15:51:22,271,1.3,343
15:51:25,271,1.1,324
15:51:27,271,2.1,315
15:51:29,271,1.3,43
15:51:31,272,1.6,296
15:51:33,273,1.5,88
15:51:36,274,1.9,332
15:51:38,274,2,121
15:51:40,274,1.7,323
15:51:42,275,2.5,4
15:51:44,275,1.6,75
15:51:47,276,2.5,14
15:51:49,276,2,320
15:51:51,277,1.8,212
15:51:53,277,1.9,311
15:51:55,277,2.8,239
15:51:58,278,2.3,26
15:52:00,278,2.4,359
15:52:02,279,2.5,129
15:52:04,279,2.3,139
15:52:06,279,1.6,113
15:52:09,279,1,110
15:52:11,279,0.4,168
15:52:13,279,1.2,309
15:52:15,280,0.8,265
15:52:17,279,0.9,235
15:52:20,280,0.9,308
15:52:22,279,0.6,0
15:52:24,279,0.9,308
15:52:26,279,0.6,333
15:52:28,279,0.6,90
15:52:31,280,0.8,51
15:52:33,280,1.2,257
15:52:35,280,0.8,303
15:52:37,280,1.2,273
15:52:39,280,1.2,102
15:52:42,280,2.4,236
15:52:44,280,2,285
15:52:46,280,1.9,251
15:52:48,280,1.2,307
15:52:50,281,0.9,277
15:52:53,281,0.8,173
15:52:55,280,1.4,14
15:52:57,281,0.6,156
15:52:59,281,1.6,324
15:53:01,281,1.4,234
15:53:04,281,1,280
15:53:06,281,1.2,6
15:53:08,281,1.1,270
15:53:10,280,0.8,213
15:53:12,280,1.1,79
15:53:15,279,0.9,318
15:53:17,279,0.9,83
15:53:19,279,1.4,96
15:53:21,279,0.5,269
15:53:23,279,0.5,75
15:53:26,279,0.7,35
15:53:28,279,0.8,2
15:53:30,279,1.4,24
15:53:32,279,1.5,354
15:53:34,279,1.3,147
15:53:36,278,1.6,332
15:53:38,278,1.6,57
15:53:40,278,1.4,18
15:53:43,278,1.1,7
15:53:45,277,1.6,80
15:53:47,277,1.3,68
15:53:49,277,1.8,341
15:53:51,277,1.9,56
15:53:53,277,1.9,17
15:53:55,277,1.7,175
15:53:58,277,1.9,75
15:54:00,277,1.5,136
15:54:02,276,2.6,181
15:54:04,276,1.7,34
15:54:06,276,1.6,256
15:54:09,276,1.6,15
15:54:11,275,1.6,120
15:54:13,275,1.9,106
15:54:15,275,1.2,245
15:54:17,275,1.9,156
15:54:20,275,2.5,56
15:54:22,274,2,106
15:54:24,274,1.2,95
15:54:26,274,1.2,54
15:54:28,273,1.9,3
15:54:31,273,1.6,70
15:54:33,272,1.2,106
15:54:35,272,1.6,326
15:54:37,271,1.4,339
15:54:39,271,1.2,23
15:54:42,271,1.2,126
15:54:44,271,1.1,1
15:54:46,270,1.8,69
15:54:48,270,1.8,357
15:54:50,269,2.5,277
15:54:53,269,1.8,358
15:54:55,270,1.4,62
15:54:57,269,1.6,33
15:54:59,270,1.5,34
15:55:01,270,1.8,70
15:55:04,270,1.6,123
15:55:06,270,1.9,74
15:55:08,270,1.2,80
15:55:10,271,1,68
15:55:12,271,1.4,310
15:55:15,272,1.6,22
15:55:17,272,1.9,93
15:55:19,272,2,312
15:55:21,273,1.9,323
15:55:23,273,2.1,99
15:55:25,273,1.6,166
15:55:28,273,1.7,61
15:55:30,273,1.6,131
15:55:32,274,1.6,354
15:55:34,274,1.6,84
15:55:36,274,1.7,60
15:55:39,275,1.1,37
15:55:41,275,0.8,92
15:55:43,275,1.9,103
15:55:45,275,1.6,264
15:55:47,275,1.9,268
15:55:50,275,1.3,207
15:55:52,275,1.2,258
15:55:54,276,1.2,339
15:55:56,276,0.8,36
15:55:58,276,0.8,319
15:56:01,276,0.7,142
15:56:03,275,0.9,279
15:56:05,276,0.9,257
15:56:07,275,1.2,287
15:56:09,275,0.8,291
15:56:12,275,0.6,295
15:56:14,275,0.1,300
15:56:16,275,0.7,175
15:56:18,274,0.7,212
15:56:20,274,1.2,58
15:56:23,274,0.8,339
15:56:25,274,0.8,28
15:56:27,274,0.6,319
15:56:29,274,1.2,254
15:56:31,274,1.2,243
15:56:34,273,1,268
15:56:36,274,0.8,309
15:56:38,274,0.8,329
15:56:40,274,0.6,275
15:56:42,273,0.4,274
15:56:45,273,0.4,312
15:56:47,273,0,13
15:56:49,273,0.2,114
15:56:51,273,0.6,102
15:56:53,273,0.7,110
15:56:56,273,0.5,98
15:56:58,273,1.1,272
15:57:00,273,0.7,265
15:57:02,273,0.9,306
15:57:04,273,0.8,317
15:57:07,274,0.7,26
15:57:09,274,0.7,359
15:57:11,274,0.5,2
15:57:13,274,0.4,315
15:57:15,274,0.5,318
15:57:18,274,0.6,315
15:57:20,274,0.2,342
15:57:22,274,0.5,21
15:57:24,274,0,359
15:57:26,274,0.1,23
15:57:29,273,0.5,23
15:57:31,273,0,324
15:57:33,273,0.6,329
15:57:35,273,0.3,348
15:57:37,273,1.2,321
15:57:40,273,1.2,291
15:57:42,273,1.6,62
15:57:44,273,1.2,96
15:57:46,272,0.8,50
15:57:48,272,1.1,44
15:57:51,272,1,18
15:57:53,271,1.4,346
15:57:55,271,1.2,316
15:57:57,271,0.8,348
15:57:59,271,0.7,355
15:58:02,271,0.7,328
15:58:04,270,1.5,356
15:58:06,270,1,344
15:58:08,270,0.6,345
15:58:10,270,0.2,357
15:58:13,269,0.7,23
15:58:15,269,0.8,265
15:58:17,269,1.3,336
15:58:19,269,1,342
15:58:21,269,0.4,35
15:58:24,269,0.6,40
15:58:26,269,0.7,344
15:58:28,269,0.8,54
15:58:30,269,0.6,31
15:58:32,269,1.9,75
15:58:35,269,1.9,340
15:58:37,269,1.7,100
15:58:39,269,1.8,54
15:58:41,269,1.3,29
15:58:43,269,1.4,66
15:58:46,269,1.6,165
15:58:48,268,1.4,172
15:58:50,268,1.4,82
15:58:52,268,1.1,87
15:58:54,268,1,252
15:58:57,269,1.2,194
15:58:59,268,1.9,54
15:59:01,268,2.7,102
15:59:03,268,1.9,79
15:59:05,268,2,72
15:59:08,268,1.8,209
15:59:10,268,1.9,248
15:59:12,268,2,327
15:59:14,268,1.5,245
15:59:16,267,3.8,282
15:59:19,268,2.6,76
15:59:21,268,2.1,215
15:59:23,267,1.9,92
15:59:25,268,1.5,97
15:59:27,268,1.7,117
15:59:30,267,2.5,225
15:59:32,267,2.3,163
15:59:34,267,2,44
15:59:36,267,1.9,127
15:59:38,266,2.2,291
15:59:41,266,2.5,350
15:59:43,266,2.4,79
15:59:45,265,1.8,142
15:59:47,264,1.4,177
15:59:49,263,1.9,18
15:59:52,262,2.4,299
15:59:54,262,2.3,137
15:59:56,261,2,72
15:59:58,260,2.1,53
16:00:00,260,1.3,101
16:00:03,259,1.7,336
16:00:05,259,1.9,226
16:00:07,259,2.5,252
16:00:09,259,3.2,178
16:00:11,260,2.5,81
16:00:14,260,2.1,89
16:00:16,261,2.2,226
16:00:18,261,2.2,346
16:00:20,262,1.9,318
16:00:22,262,1.9,115
16:00:24,263,2.4,335
16:00:27,263,1.9,9
16:00:29,264,2.6,13
16:00:31,264,2.4,90
16:00:33,264,2.6,213
16:00:35,264,1.9,195
16:00:38,264,1.8,332
16:00:40,264,1.7,327
16:00:42,265,1.1,39
16:00:44,264,1.9,312
16:00:46,265,1.9,332
16:00:49,264,2,349
16:00:51,264,2.1,333
16:00:53,264,1.9,43
16:00:55,264,1.7,64
16:00:57,264,1.9,137
16:01:00,263,2,232
16:01:02,263,2.8,248
16:01:04,263,1.9,141
16:01:06,263,2.6,295
16:01:08,263,2.1,312
16:01:11,263,1.9,310
16:01:13,262,2,333
16:01:15,262,1.9,164
16:01:17,262,1.6,58
16:01:19,262,1.2,128
16:01:22,262,1.5,142
16:01:24,261,2.2,249
16:01:26,261,2,291
16:01:28,261,2,154
16:01:30,261,1.4,318
16:01:33,261,1.4,101
16:01:35,261,2,342
16:01:37,261,1.8,347
16:01:39,261,1.6,209
16:01:41,261,2.5,273
16:01:44,262,2,338
16:01:46,261,1.2,11
16:01:48,262,1.8,193
16:01:50,262,1.5,347
16:01:52,263,1.5,62
16:01:55,263,3.2,136
16:01:57,264,2.6,291
16:01:59,265,2.4,59
16:02:01,265,1.5,3
16:02:03,266,1.2,275
16:02:06,266,0.8,134
16:02:08,267,0.7,89
16:02:10,267,0.6,17
16:02:12,267,0.6,114
16:02:14,267,1.2,70
16:02:17,268,1.4,97
16:02:19,269,1,54
16:02:21,269,1.1,77
16:02:23,269,1.2,123
16:02:25,269,1.7,72
16:02:28,270,1.4,56
16:02:30,270,1.4,84
16:02:32,271,1.3,87
16:02:34,271,1.8,66
16:02:36,272,1.7,189
16:02:39,271,1.4,114
16:02:41,272,2.1,344
16:02:43,272,1.6,36
16:02:45,272,1.5,95
16:02:47,272,1.8,99
16:02:50,272,1.6,250
16:02:52,272,1.4,269
16:02:54,273,1.3,82
16:02:56,272,1.3,88
16:02:58,272,1.1,128
16:03:01,272,1.8,359
16:03:03,272,1.2,110
16:03:05,272,0.9,101
16:03:07,271,0.9,108
16:03:09,271,1.1,20
16:03:12,270,1.9,209
16:03:14,270,1.6,276
16:03:16,270,1.2,244
16:03:18,269,1.6,251
16:03:20,269,1.8,316
16:03:22,268,1.3,74
16:03:25,268,1,105
16:03:27,268,1.1,290
16:03:29,268,1.6,77
16:03:31,267,1.2,45
16:03:33,267,1.3,88
16:03:36,267,1.3,182
16:03:38,267,1.3,322
16:03:40,267,1.2,327
16:03:42,268,1.3,11
16:03:44,268,1,54
16:03:47,268,0.9,54
16:03:49,268,0.8,135
16:03:51,268,0.9,144
16:03:53,269,1.2,188
16:03:55,269,1.2,86
16:03:58,269,0.7,62
16:04:00,270,0.7,49
16:04:02,270,1.1,143
16:04:04,270,2.8,89
16:04:06,270,1.7,351
16:04:09,271,1.3,95
16:04:11,271,2.1,51
16:04:13,271,1.4,62
16:04:15,271,1.1,39
16:04:17,271,1.4,5
16:04:20,271,1.5,85
16:04:22,271,1.6,186
16:04:24,272,1.6,66
16:04:26,271,1.2,356
16:04:28,271,1.5,36
16:04:30,271,1.4,20
16:04:33,271,1.5,45
16:04:35,271,1.4,252
16:04:37,271,1.2,58
16:04:39,271,2.5,132
16:04:41,271,2.4,340
16:04:44,271,1.8,76
16:04:46,271,1.3,80
16:04:48,270,1.8,43
16:04:50,270,1.7,43
16:04:52,271,1.4,26
16:04:55,270,1.8,60
16:04:57,270,1.9,68
16:04:59,270,1.9,61
16:05:01,270,1.5,81
16:05:03,270,1.4,60
16:05:05,270,1.1,112
16:05:08,270,1,223
16:05:10,270,1.2,240
16:05:12,270,0.8,3
16:05:14,270,1.2,141
16:05:16,270,1.4,276
16:05:19,270,1.3,279
16:05:21,271,1.2,191
16:05:23,271,1.1,212
16:05:25,271,1,175
16:05:27,270,1,88
16:05:29,271,0.9,95
16:05:31,271,0.6,89
16:05:34,271,0.6,89
16:05:36,271,0.7,93
16:05:38,271,1,161
16:05:40,272,1.2,215
16:05:42,272,1.2,81
16:05:45,272,1.2,63
16:05:47,272,1.7,286
16:05:49,272,1.8,301
16:05:51,272,1.8,291
16:05:53,272,1.7,106
16:05:55,273,1.9,58
16:05:58,273,1.4,82
16:06:00,272,1.9,246
16:06:02,272,1.4,191
16:06:04,272,1.3,214
16:06:06,272,1.2,177
16:06:08,272,1.4,323
16:06:10,272,0.9,111
16:06:13,272,0.8,311
16:06:15,272,1,265
16:06:17,272,1.1,250
16:06:19,271,1,252
16:06:21,272,0.9,277
16:06:24,271,0.6,232
16:06:26,272,1.3,113
16:06:28,272,1.3,106
16:06:30,271,1.6,55
16:06:32,271,1.2,106
16:06:35,271,1.5,87
16:06:37,271,1.6,24
16:06:39,271,1.5,150
16:06:41,272,1.3,150
16:06:43,272,1.3,214
16:06:46,271,1.2,103
16:06:48,272,1.1,110
16:06:50,272,1.4,158
16:06:52,272,1.4,58
16:06:54,272,1.4,176
16:06:57,272,1.5,119
16:06:59,272,1.3,215
16:07:01,272,0.9,205
16:07:03,272,0.7,132
16:07:05,272,0.6,87
16:07:08,273,0.8,183
16:07:10,273,1.2,220
16:07:12,273,1.2,167
16:07:14,273,1,157
16:07:16,273,1.3,47
16:07:19,273,1.3,83
16:07:21,273,1.4,90
16:07:23,274,1.2,60
16:07:25,273,1.2,74
16:07:27,273,1.2,183
16:07:30,274,1.5,40
16:07:32,274,1.3,76
16:07:34,274,1.2,159
16:07:36,274,1.2,210
16:07:38,274,1.9,243
16:07:40,275,1.8,314
16:07:43,274,1.8,339
16:07:45,274,2,140
16:07:47,274,1.4,293
16:07:49,274,1.3,40
16:07:51,275,0.5,38
16:07:53,275,0.6,12
16:07:55,275,0.8,35
16:07:57,275,1.3,195
16:08:00,275,1.2,248
16:08:02,275,1.2,106
16:08:04,275,1,180
16:08:06,275,1.4,25
16:08:08,275,1.3,88
16:08:11,275,0.9,80
16:08:13,275,1.1,13
16:08:15,275,1.1,95
16:08:17,276,1.2,76
16:08:19,276,1.1,68
16:08:22,275,1.7,74
16:08:24,276,1.3,112
16:08:26,276,1.1,290
16:08:28,276,1.3,57
16:08:30,276,1.2,239
16:08:33,276,1.4,98
16:08:35,276,1.3,140
16:08:37,276,1.2,104
16:08:39,276,1,117
16:08:41,276,1.5,184
16:08:44,276,1.8,191
16:08:46,276,1.7,241
16:08:48,276,1.2,74
16:08:50,276,1,24
16:08:52,276,1.2,222
16:08:54,276,1.8,215
16:08:57,277,1.5,284
16:08:59,277,1.2,308
16:09:01,277,1.9,301
16:09:03,277,1.4,40
16:09:05,277,1.3,38
16:09:08,278,1.2,59
16:09:10,277,1,33
16:09:12,278,1.2,178
16:09:14,278,1.2,82
16:09:16,278,0.9,105
16:09:19,278,1.9,115
16:09:21,279,1.5,131
16:09:23,278,1.1,123
16:09:25,279,1.2,171
16:09:27,278,1.4,125
16:09:30,279,1.4,263
16:09:32,279,1.4,182
16:09:34,279,1.6,221
16:09:36,279,1.3,115
16:09:38,280,1.2,182
16:09:41,280,1.9,65
16:09:43,280,0.9,299
16:09:45,280,1.1,207
16:09:47,280,1,44
16:09:49,280,0.9,64
16:09:52,281,1.5,311
16:09:54,281,1.3,74
16:09:56,281,1.2,334
16:09:58,281,1.7,162
16:10:00,281,1.6,6
16:10:03,281,1.1,116
16:10:05,282,1.1,7
16:10:07,282,1.5,196
16:10:09,282,2,63
16:10:11,282,1.7,12
16:10:13,282,1.3,235
16:10:16,282,1.3,61
16:10:18,282,1.4,68
16:10:20,282,1.4,111
16:10:22,283,1.8,234
16:10:24,282,1.3,254
16:10:27,283,1.1,313
16:10:29,282,0.9,329
16:10:31,282,1.3,302
16:10:33,282,1.2,237
16:10:35,282,1.2,203
16:10:38,282,1.2,237
16:10:40,281,1.2,195
16:10:42,281,0.9,58
16:10:44,281,0.9,307
16:10:46,281,2.2,179
16:10:49,280,1.9,248
16:10:51,280,2.6,243
16:10:53,280,2.5,224
16:10:55,280,2.3,99
16:10:57,280,1.9,354
16:11:00,279,2,29
16:11:02,279,1.5,18
16:11:04,279,1.9,120
16:11:06,279,1.7,306
16:11:08,278,1.5,78
16:11:11,278,1.2,80
16:11:13,277,1.3,46
16:11:15,277,2.3,36
16:11:17,277,2.6,219
16:11:19,277,1.9,35
16:11:22,276,2,283
16:11:24,276,1.6,68
16:11:26,276,1.6,290
16:11:28,276,2,336
16:11:30,276,1.6,94
16:11:33,275,1.2,244
16:11:35,275,2,270
16:11:37,275,1.5,260
16:11:39,275,1.4,110
16:11:41,274,1.3,110
16:11:44,274,1.3,93
16:11:46,273,1.9,24
16:11:48,273,1.7,105
16:11:50,273,1.3,39
16:11:52,273,1.1,180
16:11:55,272,1.2,224
16:11:57,272,1.5,157
16:11:59,271,2.6,16
16:12:01,271,1.7,104
16:12:03,271,1.8,83
16:12:06,270,2,43
16:12:08,269,1.7,140
16:12:10,269,2,220
16:12:12,269,1.9,212
16:12:14,268,1.6,264
16:12:17,268,1.4,238
16:12:19,268,2.1,174
16:12:21,267,2.7,177
16:12:23,266,2.3,227
16:12:25,267,1.7,243
16:12:28,266,1.5,223
16:12:30,266,1.2,218
16:12:32,266,1.1,64
16:12:34,265,1,349
16:12:36,265,1.9,17
16:12:39,265,1.2,269
16:12:41,265,1.5,115
16:12:43,264,1.5,161
16:12:45,264,1.3,228
16:12:47,264,1.8,212
16:12:50,264,2.1,211
16:12:52,264,1.6,156
16:12:54,263,1.9,61
16:12:56,264,2.3,137
16:12:58,264,1.8,339
16:13:01,264,1.9,345
16:13:03,264,1.8,254
16:13:05,264,1.3,140
16:13:07,264,1.7,176
16:13:09,264,1.6,222
16:13:11,264,1.7,212
16:13:13,264,1.6,202
16:13:15,265,1.9,79
16:13:18,264,2,251
16:13:20,265,2.5,232
16:13:22,265,2.1,241
16:13:24,265,2,177
16:13:26,265,1.5,199
16:13:28,265,1.8,180
16:13:31,266,1.6,180
16:13:33,265,2,194
16:13:35,266,2.5,165
16:13:37,266,1.7,286
16:13:39,265,2.5,181
16:13:41,266,1.9,64
16:13:44,265,1.5,81
16:13:46,266,1.6,75
16:13:48,266,1.5,148
16:13:50,266,2,263
16:13:52,266,1.3,307
16:13:55,267,1.6,38
16:13:57,266,1.9,64
16:13:59,267,1.6,148
16:14:01,267,1.9,137
16:14:03,267,1.3,86
16:14:05,267,1.2,127
16:14:08,267,1.5,137
16:14:10,268,1.6,259
16:14:12,268,1.5,158
16:14:14,268,1.5,174
16:14:16,268,1.8,218
16:14:18,268,1.5,230
16:14:21,268,1.8,102
16:14:23,268,1.6,333
16:14:25,269,1.7,167
16:14:27,269,1.8,193
16:14:29,269,1.7,45
16:14:32,269,1.2,204
16:14:34,269,1.5,189
16:14:36,269,1.4,194
16:14:38,269,1.2,250
16:14:40,269,1.4,186
16:14:42,269,1.9,183
16:14:45,269,1.9,194
16:14:47,269,1.9,252
16:14:49,270,1.7,248
16:14:51,269,1.5,212
16:14:53,269,1.2,214
16:14:55,269,1.2,253
16:14:58,270,1.4,292
16:15:00,269,1.2,210
16:15:02,269,1.1,118
16:15:04,270,1.2,95
16:15:06,269,1.2,88
16:15:09,270,1.4,41
16:15:11,269,1.6,276
16:15:13,270,1.6,71
16:15:15,270,1.9,84
16:15:17,270,1.8,98
16:15:19,270,2.3,98
16:15:22,270,2.1,317
16:15:24,270,1.2,39
16:15:26,270,1.2,305
16:15:28,270,1.4,301
16:15:30,270,2,118
16:15:32,270,1.9,273
16:15:34,270,1.9,342
16:15:37,270,1.9,348
16:15:39,271,2.1,42
16:15:41,271,1.8,51
16:15:43,272,1.6,271
16:15:45,273,1.9,359
16:15:47,273,1.7,64
16:15:49,273,2.4,49
16:15:52,274,2,168
16:15:54,275,1.9,314
16:15:56,274,1.5,12
16:15:58,275,1.2,5
16:16:00,275,1.2,8
16:16:03,275,2.8,66
16:16:05,275,3.1,22
16:16:07,275,2.2,302
16:16:09,274,1.3,355
16:16:11,274,1.9,102
16:16:13,273,2,25
16:16:15,274,1.9,69
16:16:18,273,1.8,84
16:16:20,272,2.4,251
16:16:22,272,2.6,265
16:16:24,272,2.8,248
16:16:26,271,2,69
16:16:28,271,2,14
16:16:31,271,2,55
16:16:33,270,2.2,5
16:16:35,270,1.9,314
16:16:37,270,1.9,207
16:16:39,269,2.5,25
16:16:41,269,3.4,193
16:16:44,269,2.4,9
16:16:46,269,2.2,270
16:16:48,269,2.3,195
16:16:50,269,1.9,265
16:16:52,269,1.5,344
16:16:54,269,1.9,35
16:16:56,269,1.4,55
16:16:59,269,1.5,34
16:17:01,269,1.7,85
16:17:03,269,2,272
16:17:05,270,2.5,158
16:17:07,270,2.3,73
16:17:10,271,2.9,274
16:17:12,271,2.1,76
16:17:14,271,2.5,304
16:17:16,272,1.8,60
16:17:18,272,2,354
16:17:21,272,1.6,332
16:17:23,272,1.9,65
16:17:25,273,1.8,31
16:17:27,273,1.5,29
16:17:29,273,1.2,135
16:17:32,273,1.7,56
16:17:34,273,1.2,104
16:17:36,273,1.2,1
16:17:38,273,1.2,69
16:17:40,273,1.6,354
16:17:43,273,1.3,62
16:17:45,273,1.2,56
16:17:47,273,1.1,167
16:17:49,273,1.6,220
16:17:51,273,1.7,192
16:17:54,273,1.9,73
16:17:56,273,1.7,2
16:17:58,273,1.6,61
16:18:00,273,1.5,352
16:18:02,272,1.2,55
16:18:05,273,1.1,37
16:18:07,273,1,111
16:18:09,273,1.2,208
16:18:11,273,1.3,197
16:18:13,273,1.6,294
16:18:15,273,1.2,111
16:18:18,273,1.2,60
16:18:20,273,1.3,94
16:18:22,273,1.4,6
16:18:24,273,1.4,302
16:18:26,273,1.7,48
16:18:29,273,1.6,23
16:18:31,273,0.7,48
16:18:33,273,0.5,5
16:18:35,273,1.1,204
16:18:37,273,1.4,288
16:18:40,273,1.9,301
16:18:42,273,1.5,13
16:18:44,272,1.3,117
16:18:46,272,1.6,290
16:18:48,272,0.9,318
16:18:50,273,2.4,2
16:18:53,273,2.2,55
16:18:55,272,1.9,260
16:18:57,273,1.9,173
16:18:59,272,2,197
16:19:01,272,1.5,123
16:19:04,272,1.6,100
16:19:06,272,1.5,149
16:19:08,272,1.5,35
16:19:10,272,1.9,4
16:19:12,273,2.5,5
16:19:15,272,2.1,76
16:19:17,273,2,203
16:19:19,272,1.5,14
16:19:21,272,1.9,143
16:19:23,272,2.2,250
16:19:26,272,1.7,346
16:19:28,272,1.5,64
16:19:30,272,1.3,75
16:19:32,272,1.9,114
16:19:34,272,2.2,17
16:19:37,272,2.3,222
16:19:39,272,2,233
16:19:41,272,1.9,225
16:19:43,272,2.3,312
16:19:45,272,2.4,339
16:19:48,272,2.3,155
16:19:50,272,2.5,112
16:19:52,272,2,357
16:19:54,272,1.7,332
16:19:56,273,1.8,62
16:19:59,273,1.5,106
16:20:01,273,2.1,209
16:20:03,273,2.3,17
16:20:05,273,2.4,18
16:20:07,273,1.4,51
16:20:10,273,1.3,110
16:20:12,274,1.8,268
16:20:14,274,2.1,41
16:20:16,274,1.6,285
16:20:18,274,2.5,103
16:20:20,274,2.2,313
16:20:23,274,1.5,66
16:20:25,275,1,332
16:20:27,275,0.9,74
16:20:29,275,1,349
16:20:31,275,1.2,13
16:20:34,275,1.1,66
16:20:36,276,0.8,349
16:20:38,276,0.4,10
16:20:40,276,0.8,36
16:20:42,276,0.9,8
16:20:45,276,1.1,355
16:20:47,276,1.4,325
16:20:49,277,1.6,15
16:20:51,277,1.2,14
16:20:53,277,0.9,321
16:20:56,277,0.6,211
16:20:58,277,0.6,2
16:21:00,278,0.5,295
16:21:02,278,0.8,292
16:21:04,278,0.9,168
16:21:07,278,1.2,11
16:21:09,278,1.1,183
16:21:11,278,0.9,190
16:21:13,278,0.5,149
16:21:15,279,0.3,19
16:21:17,279,0.1,69
16:21:19,279,0.8,348
16:21:22,279,0.7,1
16:21:24,280,0.3,62
16:21:26,280,0.1,308
16:21:28,280,0.5,123
16:21:30,280,0.6,354
16:21:32,280,0.4,36
16:21:35,281,0.8,6
16:21:37,281,0.5,20
16:21:39,281,0.6,43
16:21:41,281,0.7,28
16:21:43,282,0.6,307
16:21:46,282,0.9,38
16:21:48,282,0.8,328
16:21:50,282,1,40
16:21:52,283,0.9,34
16:21:54,283,0.7,314
16:21:56,283,0.4,37
16:21:59,283,0.3,45
16:22:01,284,0,334
16:22:03,284,0.1,13
16:22:05,284,0.2,359
16:22:07,284,0,345
16:22:09,284,0.3,340
16:22:12,284,0,354
16:22:14,285,0.1,3
16:22:16,285,0,18
16:22:18,285,0.2,19
16:22:20,285,0.1,329
16:22:23,286,0.1,310
16:22:25,286,0,17
16:22:27,286,0.1,324
16:22:29,286,0.2,64
16:22:31,286,0.5,42
16:22:33,285,0.6,258
16:22:36,285,0.8,37
16:22:38,285,0.4,341
16:22:40,285,0.6,299
16:22:42,285,0.4,335
16:22:44,285,0.2,316
16:22:46,285,0.1,359
16:22:48,284,0.1,2
16:22:51,284,0.1,283
16:22:53,284,0.2,20
16:22:55,284,0.1,319
16:22:57,284,0,285
16:22:59,284,0.4,219
16:23:01,284,1.2,250
16:23:03,284,1,265
16:23:06,284,0.8,212
16:23:08,284,1.4,241
16:23:10,284,1.4,134
16:23:12,284,1.5,93
16:23:14,284,1.2,113
16:23:16,283,1.7,43
16:23:19,284,2,325
16:23:21,284,1.4,302
16:23:23,284,1.1,314
16:23:25,284,0.4,6
16:23:27,284,0.5,357
16:23:29,284,0.2,319
16:23:32,284,0.6,342
16:23:34,284,0.7,354
16:23:36,284,0.7,5
16:23:38,284,0.3,11
16:23:40,284,0.2,271
16:23:42,284,0.1,272
16:23:45,284,0.1,288
16:23:47,284,0.6,307
16:23:49,284,0.8,64
16:23:51,284,1,10
16:23:53,284,0.5,336
16:23:55,284,0.6,45
16:23:58,284,0.8,330
16:24:00,284,0.6,350
16:24:02,284,0.5,348
16:24:04,284,0.1,25
16:24:06,284,0.1,38
16:24:08,284,0.4,293
16:24:10,284,0.1,313
16:24:13,284,0.2,283
16:24:15,284,0.5,340
16:24:17,284,0.7,13
16:24:19,284,0.6,27
16:24:21,284,0.7,9
16:24:23,284,0.6,328
16:24:25,284,1.1,311
16:24:27,284,1.7,231
16:24:30,284,1.4,277
16:24:32,284,1,231
16:24:34,284,1.2,309
16:24:36,284,1,22
16:24:38,284,0.8,335
16:24:41,284,0.8,353
16:24:43,285,1.2,23
16:24:45,284,1.2,26
16:24:47,284,1.3,25
16:24:49,284,1.6,19
16:24:51,285,1.2,354
16:24:53,284,1,13
16:24:55,284,1.5,328
16:24:58,285,1.6,216
16:25:00,284,1.3,292
16:25:02,285,0.9,313
16:25:04,284,0.8,355
16:25:06,285,1,73
16:25:09,285,0.8,322
16:25:11,284,0.8,278
16:25:13,284,1,285
16:25:15,284,1.1,228
16:25:17,285,0.8,88
16:25:19,284,0.3,180
16:25:21,284,0.9,90
16:25:23,285,0.8,325
16:25:25,285,0.6,328
16:25:27,285,0.5,4
16:25:30,285,0.6,357
16:25:32,285,0.6,340
16:25:34,285,0.5,268
16:25:36,285,0.3,295
16:25:38,285,0.4,309
16:25:40,285,1,319
16:25:42,285,0.6,325
16:25:45,285,0.6,266
16:25:47,285,0.3,341
16:25:49,285,1,57
16:25:51,284,1.1,343
16:25:53,285,0.7,291
16:25:56,285,0.6,327
16:25:58,285,0.4,0
16:26:00,285,0.8,32
16:26:02,285,0.5,327
16:26:04,285,0.3,357
16:26:06,285,0.6,297
16:26:08,285,0.5,320
16:26:11,285,0.6,355
16:26:13,285,0.6,15
16:26:15,285,0.1,250
16:26:17,285,0.6,9
16:26:19,285,0.2,38
16:26:21,285,0.3,187
16:26:24,285,1.2,139
16:26:26,285,1,194
16:26:28,285,0.9,322
16:26:30,285,0.8,119
16:26:32,285,0.7,19
16:26:34,285,0.6,10
16:26:36,285,1,84
16:26:39,285,1.2,34
16:26:41,285,1.2,328
16:26:43,285,0.7,340
16:26:45,285,1.3,51
16:26:47,285,1.4,33
16:26:49,285,1.6,61
16:26:52,285,1.3,24
16:26:54,285,1.1,307
16:26:56,285,1.3,77
16:26:58,285,1.2,93
16:27:00,285,1.2,81
16:27:03,286,1.3,301
16:27:05,285,0.9,282
16:27:07,285,1.1,277
16:27:09,285,0.7,156
16:27:11,285,1.2,219
16:27:13,285,1.1,261
16:27:16,286,0.7,349
16:27:18,285,1.5,348
16:27:20,285,1.6,325
16:27:22,285,1.2,316
16:27:24,286,1.1,350
16:27:26,285,1,238
16:27:28,286,0.7,245
16:27:31,285,0.3,313
16:27:33,286,0.6,311
16:27:35,285,0.3,283
16:27:37,285,0.4,248
16:27:39,286,0.4,259
16:27:41,285,0.6,263
16:27:44,285,0.6,260
16:27:46,285,0.6,348
16:27:48,285,0.3,351
16:27:50,285,0.6,252
16:27:52,285,0.1,264
16:27:54,286,0.5,322
16:27:57,285,0,321
16:27:59,285,0.2,323
16:28:01,285,0.2,318
16:28:03,285,0.1,314
16:28:05,285,0,307
16:28:07,286,0,287
16:28:09,285,0,288
16:28:12,286,0,247
16:28:14,286,0,202
16:28:16,285,0,10
16:28:18,285,0.1,186
16:28:20,285,0.2,341
16:28:22,286,0,5
16:28:25,285,0.6,310
16:28:27,285,0.7,354
16:28:29,286,0.7,352
16:28:31,286,0.6,322
16:28:33,285,0.4,342
16:28:35,285,0.4,335
16:28:37,285,0.2,286
16:28:40,286,0.2,306
16:28:42,286,0.1,305
16:28:44,286,0.1,307
16:28:46,286,0.1,307
16:28:48,286,0,316
16:28:50,286,0,316
16:28:52,285,0,315
16:28:55,285,0,303
16:28:57,285,0,333
16:28:59,284,0,310
16:29:01,284,0.1,226
16:29:03,284,0.3,248
16:29:06,284,0.2,5
16:29:08,284,0.1,314
16:29:10,284,0,327
16:29:12,283,0,1
16:29:14,283,0,302
16:29:16,283,0,346
16:29:19,283,0.2,235
16:29:21,282,0.7,241
16:29:23,282,0.8,250
16:29:25,282,0.6,7
16:29:27,282,0.2,23
16:29:29,281,0.7,359
16:29:32,281,0.7,342
16:29:34,280,0.7,355
16:29:36,280,0.8,344
16:29:38,280,0.6,313
16:29:40,279,0.6,307
16:29:42,279,0.4,350
16:29:44,279,0.4,296
16:29:47,278,0.2,331
16:29:49,278,0.7,190
16:29:51,278,1.1,283
16:29:53,277,1.1,22
16:29:55,277,0.9,39
16:29:58,277,1.3,201
16:30:00,276,1.3,25
16:30:02,276,1.1,3
16:30:04,276,0.8,6
16:30:06,275,1.1,22
16:30:09,275,1,339
16:30:11,275,1.2,85
16:30:13,274,1,31
16:30:15,274,1,351
16:30:17,273,1,351
16:30:19,273,1.2,275
16:30:22,273,0.9,298
16:30:24,273,0.8,341
16:30:26,272,0.9,304
16:30:28,272,0.8,323
16:30:30,272,0.6,2
16:30:32,271,0.4,26
16:30:35,271,0.6,6
16:30:37,271,0.8,12
16:30:39,270,0.6,12
16:30:41,270,0.2,0
16:30:43,270,0.1,353
16:30:46,269,0.7,4
16:30:48,269,0.5,42
16:30:50,268,0.6,42
16:30:52,268,0.5,353
16:30:54,268,1.2,71
16:30:57,268,1.2,43
16:30:59,268,1.2,36
16:31:01,267,0.9,39
16:31:03,267,0.9,54
16:31:05,266,0.7,37
16:31:08,266,0.6,31
16:31:10,267,0.6,291
16:31:12,267,1.3,221
16:31:14,267,1.1,252
16:31:16,267,1.2,65
16:31:19,267,1.2,54
16:31:21,267,1.6,68
16:31:23,267,1.6,316
16:31:25,268,1.7,71
16:31:27,267,1.6,270
16:31:30,268,1.7,267
16:31:32,268,1.1,249
16:31:34,268,1.1,252
16:31:36,269,1.1,45
16:31:38,268,1,331
16:31:40,268,1.1,54
16:31:43,269,0.8,35
16:31:45,269,0.8,65
16:31:47,269,1.2,49
16:31:49,270,1.1,42
16:31:51,270,0.9,358
16:31:53,270,1,300
16:31:55,270,1,237
16:31:57,271,1.1,76
16:32:00,271,1.2,291
16:32:02,271,1.2,41
16:32:04,271,1.2,134
16:32:06,271,0.7,123
16:32:08,272,0.2,158
16:32:11,272,0.4,195
16:32:13,271,0.9,157
16:32:15,272,1.5,175
16:32:17,272,1.4,149
16:32:19,272,1.3,161
16:32:21,272,1.4,134
16:32:24,272,1.7,105
16:32:26,272,1.9,145
16:32:28,272,2.2,123
16:32:30,273,1.8,146
16:32:32,272,1.1,141
16:32:34,272,1.4,100
16:32:36,273,1.9,146
16:32:39,272,1.8,139
16:32:41,272,1.1,131
16:32:43,273,0.6,123
16:32:45,272,1.2,157
16:32:47,272,1.3,169
16:32:50,273,1.1,117
16:32:52,273,2.2,138
16:32:54,273,2.4,136
16:32:56,273,2.5,140
16:32:58,273,2.7,140
16:33:00,273,2.2,147
16:33:02,273,1.2,146
16:33:05,273,1.1,138
16:33:07,274,0.4,137
16:33:09,273,0.5,159
16:33:11,274,0.1,142
16:33:13,274,0.4,157
16:33:15,274,0.5,233
16:33:17,274,0.6,249
16:33:20,275,0.6,143
16:33:22,274,0.3,148
16:33:24,275,0.6,169
16:33:26,275,1.2,144
16:33:28,275,0.6,71
16:33:30,275,0.6,113
16:33:32,275,0.7,151
16:33:34,276,0.6,155
16:33:37,276,0.7,158
16:33:39,276,0.6,152
16:33:41,276,0.9,190
16:33:43,276,1.1,177
16:33:45,276,0.8,228
16:33:47,276,0.8,283
16:33:49,276,0.6,263
16:33:51,276,0.1,273
16:33:54,276,0.5,330
16:33:56,276,0.2,344
16:33:58,276,0.1,157
16:34:00,276,0.4,161
16:34:02,277,0,157
16:34:04,277,0,153
16:34:06,277,0,167
16:34:08,277,0.1,110
16:34:11,276,0.6,159
16:34:13,277,0.6,168
16:34:15,277,0.5,149
16:34:17,277,0.4,150
16:34:19,277,1.8,151
16:34:21,276,0.6,149
16:34:23,276,0.6,155
16:34:25,276,0.8,148
16:34:28,276,1.9,140
16:34:30,276,3.1,144
16:34:32,277,1.8,149
16:34:34,276,0.9,143
16:34:36,276,0.9,152
16:34:38,276,0.8,132
16:34:40,276,0.8,154
16:34:42,276,0.6,138
16:34:45,276,1.3,150
16:34:47,276,1.8,152
16:34:49,277,0.7,145
16:34:51,276,0.5,143
16:34:53,276,1.2,139
16:34:56,276,3.1,155
16:34:58,276,1.5,150
16:35:00,276,0.6,159
16:35:02,276,0.8,165
16:35:04,276,0.7,140
16:35:07,277,0.3,173
16:35:09,277,0.6,132
16:35:11,277,0.6,215
16:35:13,277,0.6,110
16:35:15,277,0,140
16:35:18,277,0.1,287
16:35:20,277,0.2,271
16:35:22,278,0.3,263
16:35:24,278,0.2,112
16:35:26,278,0.5,145
16:35:29,278,0,159
16:35:31,278,0.1,147
16:35:33,279,0.4,155
16:35:35,279,0.2,149
16:35:37,279,0.2,148
16:35:40,279,0.4,151
16:35:42,279,0.6,155
16:35:44,279,0.7,155
16:35:46,279,0.5,160
16:35:48,279,0,147
16:35:51,279,0.1,178
16:35:53,280,0.1,202
16:35:55,280,0.1,186
16:35:57,280,0.1,160
16:35:59,280,0.1,151
16:36:02,281,0.4,151
16:36:04,282,0.3,153
16:36:06,282,0.6,156
16:36:08,284,0.6,150
16:36:10,285,0,154
16:36:13,286,0,164
16:36:15,287,0.8,157
16:36:17,288,0.8,137
16:36:19,288,2.7,147
16:36:21,288,1.9,157
16:36:24,289,1.1,159
16:36:26,289,0.8,149
16:36:28,289,1.8,150
16:36:30,289,1,133
16:36:32,289,0.8,169
16:36:34,288,0.6,146
16:36:36,288,1.7,151
16:36:38,288,2.5,152
16:36:40,288,3.1,149
16:36:42,288,1.7,148
16:36:44,287,0.9,151
16:36:46,287,0.7,158
16:36:49,287,0.6,151
16:36:51,287,0.4,100
16:36:53,287,0.4,178
16:36:55,286,0.6,117
16:36:57,286,0,105
16:36:59,286,0.1,4
16:37:01,286,0.2,302
16:37:04,286,0.1,293
16:37:06,285,0.1,137
16:37:08,285,0.2,166
16:37:10,285,0.8,183
16:37:12,285,0.9,140
16:37:15,284,0.8,135
16:37:17,285,0.3,145
16:37:19,284,0.9,151
16:37:21,283,0.4,164
16:37:23,283,0.6,133
16:37:25,283,0.1,162
16:37:28,282,0.4,71
16:37:30,282,0.4,216
16:37:32,282,0.5,102
16:37:34,281,0,35
16:37:36,280,0.1,331
16:37:39,280,0.2,342
16:37:41,279,0.2,342
16:37:43,279,0,340
16:37:45,278,0,355
16:37:47,278,0,19
16:37:50,277,0,16
16:37:52,277,0,5
16:37:54,276,0,325
16:37:56,276,0.1,322
16:37:58,275,0.3,327
16:38:01,274,0.3,353
16:38:03,274,0,338
16:38:05,274,0,329
16:38:07,273,0,340
16:38:09,272,0.3,23
16:38:12,272,0.7,346
16:38:14,271,0.5,354
16:38:16,271,0.6,332
16:38:18,271,0.5,3
16:38:20,270,0.7,27
16:38:23,270,0.7,319
16:38:25,270,0.9,339
16:38:27,270,0.3,27
16:38:29,270,0.7,335
16:38:31,271,0.9,330
16:38:33,270,0.7,339
16:38:36,271,0.9,41
16:38:38,271,0.6,348
16:38:40,272,0.5,19
16:38:42,272,0.2,30
16:38:44,273,0,345
16:38:46,273,0,342
16:38:49,274,0.2,0
16:38:51,275,0.2,353
16:38:53,275,0.2,4
16:38:55,276,0.2,325
16:38:57,276,0.1,5
16:39:00,277,0.1,256
16:39:02,277,0,281
16:39:04,278,0,285
16:39:06,278,0.1,280
16:39:08,278,0,243
16:39:11,278,0,146
16:39:13,278,0.1,234
16:39:15,278,0,300
16:39:17,279,0,171
16:39:19,278,0,258
16:39:21,278,0,283
16:39:24,278,0,276
16:39:26,279,0,333
16:39:28,278,0,2
16:39:30,278,0,348
16:39:32,278,0.1,295
16:39:35,278,0,348
16:39:37,278,0,335
16:39:39,277,0.2,111
16:39:41,277,0.4,151
16:39:43,277,0.8,157
16:39:45,277,0.5,140
16:39:47,277,0.5,90
16:39:50,276,0.6,133
16:39:52,277,0.2,149
16:39:54,277,0.6,210
16:39:56,277,0,188
16:39:58,277,0.2,205
16:40:01,277,0.1,268
16:40:03,277,0.1,263
16:40:05,277,0,260
16:40:07,277,0.1,288
16:40:09,277,0,12
16:40:12,278,0,350
16:40:14,278,0.1,339
16:40:16,277,0.1,344
16:40:18,277,0,319
16:40:20,278,0.1,338
16:40:23,278,0,338
16:40:25,278,0.2,202
16:40:27,277,0.1,171
16:40:29,277,0.5,176
16:40:31,277,0.7,156
16:40:34,277,0.6,159
16:40:36,277,0.5,157
16:40:38,277,0.5,140
16:40:40,277,0.6,159
16:40:42,277,0.4,152
16:40:45,277,0.4,145
16:40:47,277,0.2,152
16:40:49,277,0.6,149
16:40:51,276,0.7,153
16:40:53,277,0.7,166
16:40:56,276,1.2,154
16:40:58,277,0.3,117
16:41:00,276,0.4,124
16:41:02,276,0.4,104
16:41:04,276,0.7,1
16:41:06,276,0.6,333
16:41:09,276,0.6,334
16:41:11,276,0.5,73
16:41:13,277,0.3,321
16:41:15,277,0.5,325
16:41:17,277,0.3,355
16:41:19,277,0,348
16:41:22,277,0.2,262
16:41:24,277,0,176
16:41:26,277,0.1,160
16:41:28,277,0.2,239
16:41:30,277,0,295
16:41:33,278,0.1,307
16:41:35,277,0,302
16:41:37,277,0,282
16:41:39,277,0,128
16:41:41,277,0.1,151
16:41:44,277,0,178
16:41:46,277,0,158
16:41:48,277,0,150
16:41:50,277,0,131
16:41:52,277,0.1,165
16:41:54,277,0.2,146
16:41:57,277,0.2,150
16:41:59,277,0,150
16:42:01,277,0,185
16:42:03,277,0.6,155
16:42:05,277,3.2,132
16:42:08,276,1.7,151
16:42:10,277,1.2,150
16:42:12,277,2.2,130
16:42:14,276,4.4,130
16:42:16,276,4.3,149
16:42:19,276,3.1,147
16:42:21,276,2.9,153
16:42:23,277,1.5,149
16:42:25,276,0.7,152
16:42:27,276,0.9,160
16:42:30,276,0.4,192
16:42:32,276,0.5,129
16:42:34,276,0.7,139
16:42:36,276,0.3,162
16:42:38,276,1,166
16:42:41,276,0.8,162
16:42:43,276,0.6,171
16:42:45,276,1,231
16:42:47,276,1,221
16:42:49,276,1.5,173
16:42:52,276,0.9,131
16:42:54,276,0.6,148
16:42:56,276,0,164
16:42:58,276,0.2,308
16:43:00,276,0.7,67
16:43:03,276,1.2,21
16:43:05,276,0.8,287
16:43:07,276,0.8,30
16:43:09,276,0.4,201
16:43:11,276,0.7,119
16:43:14,277,0.7,117
16:43:16,276,0.4,115
16:43:18,276,0.6,18
16:43:20,277,0.3,328
16:43:22,277,0.2,325
16:43:25,276,0.4,327
16:43:27,277,0.3,275
16:43:29,277,0.7,20
16:43:31,277,0.7,138
16:43:33,277,0.7,174
16:43:36,277,0.4,156
16:43:38,277,0.5,149
16:43:40,277,0.3,156
16:43:42,278,0.4,153
16:43:44,278,0.4,150
16:43:47,278,0.6,152
16:43:49,279,2.2,153
16:43:51,279,1.2,126
16:43:53,279,3.7,142
16:43:55,279,2.3,143
16:43:58,279,2.3,166
16:44:00,280,0.9,153
16:44:02,281,0.2,162
16:44:04,281,0.6,147
16:44:06,282,0.5,150
16:44:08,282,0.5,153
16:44:11,283,0.6,136
16:44:13,283,0.7,154
16:44:15,284,0.1,106
16:44:17,284,0,96
16:44:19,285,0.1,116
16:44:22,285,0,141
16:44:24,286,0,167
16:44:26,286,0,127
16:44:28,286,0,154
16:44:30,286,0,153
16:44:33,287,0,135
16:44:35,287,0.1,117
16:44:37,288,0,172
16:44:39,287,0,132
16:44:41,287,0.1,118
16:44:44,288,0.1,120
16:44:46,288,0,137
16:44:48,288,0,63
16:44:50,288,0.2,79
16:44:52,288,0,134
16:44:54,288,0,167
16:44:57,288,0.1,170
16:44:59,288,0.6,142
16:45:01,288,0.4,146
16:45:03,288,0.7,106
16:45:05,288,0.8,157
16:45:08,289,0.8,158
16:45:10,288,0.2,161
16:45:12,289,0.1,151
16:45:14,289,0,162
16:45:16,289,0,150
16:45:19,289,0.2,156
16:45:21,289,0.5,144
16:45:23,290,0.5,153
16:45:25,289,0.6,129
16:45:27,290,0.4,163
16:45:30,290,0.6,165
16:45:32,290,1.1,181
16:45:34,289,1.1,138
16:45:36,289,0.8,171
16:45:38,289,1,170
16:45:41,289,0.8,166
16:45:43,288,0.9,162
16:45:45,287,0.7,177
16:45:47,286,0.6,176
16:45:49,285,0.2,241
16:45:52,284,0.5,140
16:45:54,283,0.6,148
16:45:56,282,0.1,183
16:45:58,281,0,172
16:46:00,280,0.3,162
16:46:03,279,0.2,163
16:46:05,279,0.4,169
16:46:07,277,0.1,179
16:46:09,276,0.2,174
16:46:11,276,0,182
16:46:14,275,0.2,169
16:46:16,274,0.9,163
16:46:18,273,0.2,165
16:46:20,272,0.1,151
16:46:22,272,0,172
16:46:24,271,0,81
16:46:27,270,0.1,35
16:46:29,270,0.1,20
16:46:31,269,0,347
16:46:33,269,0,358
16:46:35,270,0.1,77
16:46:38,269,0.1,75
16:46:40,270,0,15
16:46:42,270,0.2,25
16:46:44,270,0,22
16:46:46,270,0,62
16:46:49,270,0,110
16:46:51,271,0.1,87
16:46:53,270,0,82
16:46:55,270,0,61
16:46:57,270,0,32
16:46:59,270,0.1,331
16:47:02,270,0.2,349
16:47:04,270,0,351
16:47:06,270,0,15
16:47:08,270,0,12
16:47:10,270,0.1,326
16:47:13,270,0.9,330
16:47:15,270,0.9,341
16:47:17,270,0.7,321
16:47:19,270,0.9,355
16:47:21,270,0.7,138
16:47:24,270,0.9,183
16:47:26,270,1.1,139
16:47:28,269,0.8,116
16:47:30,270,1,129
16:47:32,269,0.4,135
16:47:35,269,0.4,165
16:47:37,269,0,128
16:47:39,269,0.1,125
16:47:41,269,0,130
16:47:43,269,0,130
16:47:46,269,0,169
16:47:48,269,0.3,218
16:47:50,269,0.5,256
16:47:52,269,0.1,246
16:47:54,269,0,237
16:47:57,269,0,298
16:47:59,269,0.1,294
16:48:01,270,0.2,348
16:48:03,269,0.1,299
16:48:05,269,0,304
16:48:08,269,0,316
16:48:10,269,0.1,262
16:48:12,269,0.1,122
16:48:14,269,0,288
16:48:16,269,0,333
16:48:19,269,0,325
16:48:21,269,0,358
16:48:23,269,0,333
16:48:25,269,0.1,357
16:48:27,269,0,2
16:48:30,269,0,330
16:48:32,268,0,326
16:48:34,268,0,299
16:48:36,269,0,309
16:48:38,269,0,315
16:48:40,269,0,323
16:48:43,268,0,323
16:48:45,269,0,322
16:48:47,269,0,328
16:48:49,269,0.1,341
16:48:51,268,0,333
16:48:53,269,0,333
16:48:55,268,0,326
16:48:58,269,0,328
16:49:00,269,0,334
16:49:02,269,0,325
16:49:04,269,0,272
16:49:06,269,0,22
16:49:09,269,0.1,351
16:49:11,269,0.1,313
16:49:13,269,0,334
16:49:15,269,0,11
16:49:17,270,0,40
16:49:20,270,0,353
16:49:22,270,0.4,353
16:49:24,270,0.6,6
16:49:26,270,1.8,333
16:49:28,270,1.3,326
16:49:30,270,1.7,211
16:49:32,270,1.8,205
16:49:35,270,1.3,253
16:49:37,270,1.1,237
16:49:39,270,0.8,276
16:49:41,270,0.6,315
16:49:43,270,0.6,3
16:49:45,270,0,251
16:49:47,270,0,250
16:49:49,270,0.3,263
16:49:52,271,0.2,249
16:49:54,271,0,231
16:49:56,271,0.4,49
16:49:58,271,0.1,256
16:50:00,271,0,262
16:50:03,271,0.4,276
16:50:05,271,0.2,1
16:50:07,271,0,296
16:50:09,271,0,326
16:50:11,271,0,298
16:50:13,272,0,270
16:50:15,272,0,297
16:50:18,271,0,333
16:50:20,272,0,316
16:50:22,272,0,313
16:50:24,272,0,315
16:50:26,272,0.1,310
16:50:28,272,0,324
16:50:30,273,0,317
16:50:33,273,0,321
16:50:35,273,0,349
16:50:37,273,0.2,293
16:50:39,274,0,275
16:50:41,274,0,52
16:50:43,274,0,297
16:50:46,275,0,309
16:50:48,275,0.6,338
16:50:50,275,0.4,9
16:50:52,276,0.6,1
16:50:54,276,0.6,32
16:50:57,276,0.8,357
16:50:59,277,1.2,44
16:51:01,277,0.8,4
16:51:03,278,0.9,309
16:51:05,278,0.6,330
16:51:08,278,0.4,328
16:51:10,278,0.6,328
16:51:12,279,0.8,317
16:51:14,279,0.6,352
16:51:16,279,0.7,35
16:51:18,279,0.7,21
16:51:20,279,1.4,179
16:51:23,279,1.2,224
16:51:25,279,1.4,238
16:51:27,280,1.2,232
16:51:29,279,1.1,322
16:51:31,280,0.7,3
16:51:33,279,0.3,319
16:51:35,280,0.2,321
16:51:38,280,0.2,306
16:51:40,280,0.2,254
16:51:42,280,0.2,302
16:51:44,280,0.8,251
16:51:46,280,0.9,327
16:51:49,280,0.7,348
16:51:51,280,0.6,346
16:51:53,280,0.3,357
16:51:55,280,0.2,280
16:51:57,280,0,264
16:52:00,280,0.3,185
16:52:02,280,0.1,129
16:52:04,280,0,111
16:52:06,280,0.1,146
16:52:08,280,0,167
16:52:11,280,0.1,270
16:52:13,279,0.2,220
16:52:15,280,0.1,288
16:52:17,279,0,290
16:52:19,280,0,64
16:52:22,279,0.1,171
16:52:24,280,0.1,146
16:52:26,279,0,205
16:52:28,279,0,186
16:52:30,279,0,44
16:52:33,279,0.2,42
16:52:35,279,0,304
16:52:37,279,0,317
16:52:39,279,0,333
16:52:41,280,0.2,259
16:52:43,279,1.2,269
16:52:45,280,0.9,299
16:52:48,280,0.7,301
16:52:50,280,0.6,191
16:52:52,280,0.6,221
16:52:54,280,0.6,218
16:52:56,280,0.6,191
16:52:59,279,0.7,101
16:53:01,279,0.4,111
16:53:03,279,0.3,123
16:53:05,279,0.3,138
16:53:07,279,0,198
16:53:10,279,0,225
16:53:12,279,0,190
16:53:14,279,0,151
16:53:16,279,0,155
16:53:18,279,0,139
16:53:21,279,0,161
16:53:23,278,0,209
16:53:25,278,0.1,208
16:53:27,278,0,154
16:53:29,277,0,177
16:53:32,277,0,265
16:53:34,277,0.1,247
16:53:36,277,0,246
16:53:38,276,0,252
16:53:40,276,0,254
16:53:43,276,0,252
16:53:45,276,0,256
16:53:47,276,0.1,263
16:53:49,276,0.1,281
16:53:51,276,0,281
16:53:53,276,0.2,156
16:53:56,276,0,136
16:53:58,276,0,118
16:54:00,277,0,171
16:54:02,276,0,206
16:54:04,276,0.1,218
16:54:06,276,0.1,216
16:54:08,277,0.1,226
16:54:10,277,0,233
16:54:12,277,0,231
16:54:15,277,0,221
16:54:17,277,0,186
16:54:19,278,0,209
16:54:21,278,0,208
16:54:23,278,0,203
16:54:26,278,0,155
16:54:28,278,0.1,197
16:54:30,279,0.1,167
16:54:32,279,0,169
16:54:34,279,0,284
16:54:37,279,0.2,301
16:54:39,279,0,289
16:54:41,279,0,260
16:54:43,279,0.1,199
16:54:45,279,0.2,227
16:54:47,280,0,137
16:54:50,279,0.2,144
16:54:52,280,0,161
16:54:54,280,0,159
16:54:56,279,0.1,192
16:54:58,280,0.4,182
16:55:01,280,0.4,219
16:55:03,280,0.6,102
16:55:05,280,0.1,76
16:55:07,279,0.1,100
16:55:09,279,0,149
16:55:12,279,0.1,108
16:55:14,279,0,118
16:55:16,279,0,152
16:55:18,279,0,157
16:55:20,279,0,168
16:55:23,279,0.3,181
16:55:25,279,0.3,158
16:55:27,278,0.1,145
16:55:29,278,0,143
16:55:31,278,0.4,166
16:55:34,278,0.3,173
16:55:36,278,0,166
16:55:38,277,0.1,165
16:55:40,277,0.3,162
16:55:42,277,0.3,200
16:55:45,277,0.3,147
16:55:47,277,0.1,114
16:55:49,277,0,116
16:55:51,276,0.1,119
16:55:53,276,0,152
16:55:56,276,0.4,167
16:55:58,276,0.1,172
16:56:00,276,0.1,171
16:56:02,275,0.3,178
16:56:04,275,0,181
16:56:07,275,0,179
16:56:09,275,0.1,160
16:56:11,275,0.1,172
16:56:13,275,0.2,196
16:56:15,275,0,206
16:56:18,274,0,246
16:56:20,274,0,231
16:56:22,274,0,261
16:56:24,274,0.2,273
16:56:26,274,0.1,310
16:56:29,274,0,325
16:56:31,274,0,328
16:56:33,274,0,324
16:56:35,274,0.1,341
16:56:37,274,0,8
16:56:40,274,0.1,346
16:56:42,275,0,22
16:56:44,274,0.1,164
16:56:46,274,0,218
16:56:48,274,0,89
16:56:51,274,0,3
16:56:53,274,0,353
16:56:55,274,0.1,344
16:56:57,275,0,345
16:56:59,275,0,345
16:57:02,275,0,346
16:57:04,275,0,332
16:57:06,276,0,60
16:57:08,276,0,132
16:57:10,276,0,133
16:57:13,276,0.4,166
16:57:15,276,0.6,156
16:57:17,276,0.6,125
16:57:19,277,0.6,124
16:57:21,277,0.3,143
16:57:24,277,0.5,140
16:57:26,277,0,127
16:57:28,277,0,171
16:57:30,278,0.1,178
16:57:32,278,0.2,228
16:57:35,278,0.4,85
16:57:37,278,0,285
16:57:39,278,0.2,268
16:57:41,278,0.2,283
16:57:43,279,0.1,316
16:57:45,279,0,322
16:57:47,279,0,319
16:57:49,279,0,313
16:57:52,279,0,210
16:57:54,279,0,127
16:57:56,279,0,222
16:57:58,280,0,222
16:58:00,280,0.1,149
16:58:02,280,0,209
16:58:04,280,0.2,269
16:58:06,280,0.7,306
16:58:09,280,0.7,257
16:58:11,280,0.8,308
16:58:13,281,0.9,115
16:58:15,281,0.9,183
16:58:17,281,0.8,171
16:58:19,281,0.7,157
16:58:21,282,0.6,162
16:58:23,282,0.4,142
16:58:25,282,0.6,263
16:58:28,282,0.1,269
16:58:30,283,0,254
16:58:32,282,0.1,271
16:58:34,282,0.7,49
16:58:36,282,0.7,11
16:58:38,283,0.9,46
16:58:40,283,1.2,261
16:58:43,283,1.1,72
16:58:45,282,0.6,151
16:58:47,283,0.8,115
16:58:49,283,0.6,167
16:58:51,283,0.5,196
16:58:53,283,0.6,159
16:58:55,283,0.7,168
16:58:57,283,0.6,183
16:59:00,284,0,178
16:59:02,284,0,151
16:59:04,284,0,158
16:59:06,284,0.5,166
16:59:08,284,0.3,215
16:59:10,285,0.4,200
16:59:12,285,0.4,156
16:59:15,285,0,142
16:59:17,285,0.2,183
16:59:19,285,0.6,165
16:59:21,285,0.5,161
16:59:23,285,0.6,186
16:59:26,285,0.7,193
16:59:28,285,1,197
16:59:30,286,0.9,196
16:59:32,286,0.5,194
16:59:34,287,0,277
16:59:37,287,0.2,302
16:59:39,287,0,351
16:59:41,287,0,351
16:59:43,286,0.2,323
16:59:45,286,0.1,332
16:59:48,286,0.2,330
16:59:50,286,0,314
16:59:52,286,0,287
16:59:54,286,0.2,312
16:59:56,287,0.1,301
16:59:59,287,0,324
17:00:01,287,0,134
17:00:03,287,0,130
17:00:05,287,0.1,159
17:00:07,287,0.2,201
17:00:10,287,0.4,180
17:00:12,287,0.2,202
17:00:14,287,0.1,123
17:00:16,287,0.3,114
17:00:18,287,0.2,113
17:00:21,287,0,175
17:00:23,287,0.1,149
17:00:25,287,0.2,125
17:00:27,287,0,123
17:00:29,287,0,126
17:00:32,288,0,196
17:00:34,288,0,298
17:00:36,288,0,123
17:00:38,288,0.1,136
17:00:40,288,0.2,166
17:00:43,288,0,197
17:00:45,288,0.1,129
17:00:47,289,0.1,159
17:00:49,288,0,136
17:00:51,288,0,137
17:00:53,289,0,137
17:00:56,289,0,117
17:00:58,289,0.8,346
17:01:00,288,0.7,358
17:01:02,288,0.5,258
17:01:04,288,0.6,209
17:01:07,288,0.6,162
17:01:09,288,0.1,271
17:01:11,287,0.1,236
17:01:13,287,0,346
17:01:15,287,0,50
17:01:18,287,0,20
17:01:20,287,0.1,42
17:01:22,287,0,163
17:01:24,288,0.2,197
17:01:26,287,0.1,172
17:01:29,287,0.1,187
17:01:31,288,0,169
17:01:33,287,0.1,152
17:01:35,288,0,172
17:01:37,288,0.3,162
17:01:40,288,0.6,189
17:01:42,288,0.5,162
17:01:44,288,0.1,175
17:01:46,288,0.1,164
17:01:48,288,0.1,161
17:01:51,288,0.2,164
17:01:53,288,0,164
17:01:55,288,0,197
17:01:57,288,0,154
17:01:59,288,0,169
17:02:02,288,0.1,151
17:02:04,288,0.1,212
17:02:06,289,0.2,177
17:02:08,288,0.2,179
17:02:10,288,0.1,161
17:02:13,289,0.1,140
17:02:15,288,0.1,143
17:02:17,288,0.7,164
17:02:19,288,0.5,150
17:02:21,288,0.7,295
17:02:24,287,0.7,301
17:02:26,287,0.6,303
17:02:28,286,0.6,176
17:02:30,286,1,234
17:02:32,285,1,240
17:02:35,285,1,234
17:02:37,284,0.9,230
17:02:39,284,0.6,213
17:02:41,284,0.6,197
17:02:43,284,0.2,193
17:02:46,284,0.3,192
17:02:48,284,0.1,192
17:02:50,284,0.3,333
17:02:52,284,0,335
17:02:54,284,0.2,335
17:02:57,285,0,331
17:02:59,285,0.1,29
17:03:01,285,0,39
17:03:03,285,0,50
17:03:05,285,0,89
17:03:08,285,0,64
17:03:10,285,0,346
17:03:12,285,0.1,106
17:03:14,284,0.1,126
17:03:16,285,0.2,50
17:03:19,285,0,4
17:03:21,284,0,2
17:03:23,285,0,342
17:03:25,285,0,359
17:03:27,285,0,20
17:03:30,285,0.1,69
17:03:32,285,0.2,47
17:03:34,285,0.2,23
17:03:36,285,0,19
17:03:38,285,0,21
17:03:41,285,0,41
17:03:43,285,0.1,36
17:03:45,285,0,26
17:03:47,285,0.1,98
17:03:49,285,0.2,189
17:03:52,285,0,156
17:03:54,285,0,168
17:03:56,286,0,246
17:03:58,286,0,263
17:04:00,286,0,316
17:04:02,286,0,314
17:04:05,286,0,308
17:04:07,287,0,310
17:04:09,287,0,315
17:04:11,287,0.1,342
17:04:13,287,0.1,332
17:04:15,286,0.1,333
17:04:18,286,0,211
17:04:20,285,0.9,267
17:04:22,286,0.9,273
17:04:24,286,0.9,307
17:04:26,285,0.7,313
17:04:29,286,0.7,338
17:04:31,286,0.4,351
17:04:33,285,0.1,117
17:04:35,285,0,100
17:04:37,285,0,218
17:04:39,285,0.1,325
17:04:42,285,0,289
17:04:44,285,0,15
17:04:46,285,0.1,114
17:04:48,285,0,167
17:04:50,285,0,165
17:04:53,286,0.4,192
