date,val latitude,val longitude,propeller speed1,propeller speed2,propeller speed3,propeller speed4,str1 target,str2 target,str3 target,str4 target,heading,heading target,mode
14:58:16,-6.7330966,107.37377,100,105,116,175,-90,0,0,90,50,58,forward
14:58:19,-6.7330961,107.37377,100,105,116,425,-90,0,0,90,60,77,forward
14:58:21,-6.7330952,107.37378,350,105,116,0,-90,0,0,90,85,64,forward
14:58:23,-6.7330933,107.37378,350,50,50,0,-90,0,0,90,97,64,forward
14:58:25,-6.7330933,107.37378,350,50,50,0,-90,0,0,90,97,73,forward
14:58:27,-6.7330933,107.37378,125,50,50,64,-90,0,0,90,94,93,forward
14:58:29,-6.7330933,107.37378,103,50,50,350,-90,0,0,90,95,109,forward
14:58:31,-6.7330942,107.37379,350,50,50,225,-90,0,0,90,110,119,forward
14:58:33,-6.7330952,107.37379,105,50,50,250,-90,0,0,90,109,119,forward
14:58:35,-6.7330956,107.37378,124,50,50,150,-90,0,0,90,113,119,forward
14:58:37,-6.7330971,107.37378,112,50,50,0,-90,0,0,90,120,119,forward
14:58:39,-6.7330976,107.37378,150,50,50,0,-90,0,0,90,123,119,forward
14:58:41,-6.733098,107.37378,100,50,50,50,-90,0,0,90,119,119,forward
14:58:43,-6.7330976,107.37379,100,50,50,125,-90,0,0,90,114,119,forward
14:58:45,-6.7330971,107.37378,100,50,50,125,-90,0,0,90,114,119,forward
14:58:47,-6.7330976,107.37378,112,50,50,0,-90,0,0,90,120,119,forward
14:58:49,-6.733098,107.37378,125,50,50,0,-90,0,0,90,121,119,forward
14:58:51,-6.733098,107.37378,100,50,50,159,-90,0,0,90,119,119,forward
14:58:54,-6.7330971,107.37378,100,50,50,100,-90,0,0,90,115,119,forward
14:58:56,-6.7330971,107.37378,100,50,50,100,-90,0,0,90,115,119,forward
14:58:58,-6.7330971,107.37378,138,50,50,50,-90,0,0,90,117,119,forward
14:59:00,-6.7330971,107.37378,100,50,50,0,-90,0,0,90,119,119,forward
14:59:02,-6.7330966,107.37378,100,50,50,25,-90,0,0,90,118,119,forward
14:59:04,-6.7330961,107.37378,100,50,50,25,-90,0,0,90,118,119,forward
14:59:06,-6.7330956,107.37378,100,50,50,50,-90,0,0,90,117,119,forward
14:59:08,-6.7330956,107.37378,100,50,50,50,-90,0,0,90,117,119,forward
14:59:10,-6.7330952,107.37378,107,50,50,100,-90,0,0,90,115,119,forward
14:59:12,-6.7330942,107.37378,100,50,50,100,-90,0,0,90,115,119,forward
14:59:14,-6.7330937,107.37378,145,50,50,25,-90,0,0,90,118,119,forward
14:59:16,-6.7330937,107.37378,117,50,50,25,-90,0,0,90,118,119,forward
14:59:18,-6.7330937,107.37378,100,50,50,50,-90,0,0,90,117,119,forward
14:59:20,-6.7330937,107.37378,100,50,50,75,-90,0,0,90,116,119,forward
14:59:22,-6.7330937,107.37378,102,50,50,100,-90,0,0,90,115,119,forward
14:59:24,-6.7330937,107.37378,100,50,50,75,-90,0,0,90,116,119,forward
14:59:26,-6.7330937,107.37378,100,50,50,0,-90,0,0,90,119,119,forward
14:59:28,-6.7330937,107.37378,125,50,50,0,-90,0,0,90,121,119,forward
14:59:30,-6.7330937,107.37378,112,50,50,53,-90,0,0,90,120,119,forward
14:59:32,-6.7330937,107.37378,100,50,50,83,-90,0,0,90,119,119,forward
14:59:35,-6.7330937,107.37378,100,50,50,0,-90,0,0,90,119,119,forward
14:59:37,-6.7330937,107.37378,100,50,50,32,-90,0,0,90,119,119,forward
14:59:39,-6.7330937,107.37378,100,50,50,0,-90,0,0,90,119,119,forward
14:59:41,-6.7330937,107.37378,100,50,50,0,-90,0,0,90,119,119,forward
14:59:43,-6.7330937,107.37378,100,50,50,0,-90,0,0,90,119,119,forward
14:59:45,-6.7330937,107.37378,112,50,50,17,-90,0,0,90,120,119,forward
14:59:47,-6.7330937,107.37378,112,50,50,16,-90,0,0,90,120,119,forward
14:59:49,-6.7330937,107.37378,112,50,50,0,-90,0,0,90,120,119,forward
14:59:51,-6.7330937,107.37378,110,50,50,50,-90,0,0,90,122,125,forward
14:59:53,-6.7330937,107.37378,146,50,50,250,-90,0,0,90,123,133,forward
14:59:55,-6.7330937,107.37378,186,50,50,125,-90,0,0,90,128,133,forward
14:59:57,-6.7330937,107.37378,100,50,50,150,-90,0,0,90,127,133,forward
14:59:59,-6.7330937,107.37378,136,50,50,125,-90,0,0,90,128,133,forward
15:00:01,-6.7330937,107.37378,156,50,50,75,-90,0,0,90,130,133,forward
15:00:03,-6.7330937,107.37378,100,50,50,225,-90,0,0,90,124,133,forward
15:00:05,-6.7330937,107.37378,120,50,50,75,-90,0,0,90,130,133,forward
15:00:07,-6.7330937,107.37378,112,50,50,0,-90,0,0,90,134,133,forward
15:00:09,-6.7330937,107.37378,125,50,50,0,-90,0,0,90,135,133,forward
15:00:11,-6.7330937,107.37378,100,50,50,25,-90,0,0,90,132,133,forward
15:00:13,-6.7330937,107.37378,100,50,50,125,-90,0,0,90,128,133,forward
15:00:15,-6.7330937,107.37378,100,50,50,100,-90,0,0,90,129,133,forward
15:00:17,-6.7330937,107.37378,100,50,50,0,-90,0,0,90,133,133,forward
15:00:19,-6.7330937,107.37378,125,50,50,0,-90,0,0,90,135,133,forward
15:00:21,-6.7330937,107.37378,100,50,50,25,-90,0,0,90,132,133,forward
15:00:24,-6.7330937,107.37378,100,50,50,125,-90,0,0,90,128,133,forward
15:00:26,-6.7330937,107.37378,100,50,50,100,-90,0,0,90,129,133,forward
15:00:28,-6.7330937,107.37378,149,50,50,50,-90,0,0,90,131,133,forward
15:00:30,-6.7330937,107.37378,112,50,50,0,-90,0,0,90,134,133,forward
15:00:32,-6.7330937,107.37378,112,50,50,0,-90,0,0,90,134,133,forward
15:00:34,-6.7330937,107.37378,112,50,50,26,-90,0,0,90,134,133,forward
15:00:36,-6.7330937,107.37378,100,50,50,25,-90,0,0,90,132,133,forward
15:00:38,-6.7330937,107.37378,104,50,50,50,-90,0,0,90,131,133,forward
15:00:40,-6.7330937,107.37378,100,50,50,125,-90,0,0,90,128,133,forward
15:00:42,-6.7330937,107.37378,100,50,50,75,-90,0,0,90,130,133,forward
15:00:44,-6.7330937,107.37378,141,50,50,25,-90,0,0,90,132,133,forward
15:00:46,-6.7330937,107.37378,112,50,50,0,-90,0,0,90,134,133,forward
15:00:48,-6.7330937,107.37378,103,50,50,25,-90,0,0,90,132,133,forward
15:00:50,-6.7330937,107.37378,100,50,50,75,-90,0,0,90,130,133,forward
15:00:52,-6.7330937,107.37378,100,50,50,125,-90,0,0,90,128,133,forward
15:00:54,-6.7330937,107.37378,131,50,50,50,-90,0,0,90,131,133,forward
15:00:56,-6.7330937,107.37378,117,50,50,50,-90,0,0,90,131,133,forward
15:00:58,-6.7330937,107.37378,100,50,50,100,-90,0,0,90,129,133,forward
15:01:00,-6.7330937,107.37378,100,50,50,175,-90,0,0,90,126,133,forward
15:01:02,-6.7330937,107.37378,128,50,50,100,-90,0,0,90,129,133,forward
15:01:04,-6.7330937,107.37378,112,50,50,0,-90,0,0,90,134,133,forward
15:01:07,-6.7330937,107.37378,125,50,50,0,-90,0,0,90,135,133,forward
15:01:09,-6.7330937,107.37378,100,50,50,100,-90,0,0,90,129,133,forward
15:01:11,-6.7330937,107.37378,100,50,50,125,-90,0,0,90,128,133,forward
15:01:13,-6.7330937,107.37378,117,50,50,50,-90,0,0,90,131,133,forward
15:01:15,-6.7330937,107.37378,112,50,50,0,-90,0,0,90,134,133,forward
15:01:17,-6.7330937,107.37378,100,50,50,0,-90,0,0,90,133,133,forward
15:01:19,-6.7330937,107.37378,100,50,50,0,-90,0,0,90,133,133,forward
15:01:21,-6.7330937,107.37378,100,50,50,44,-90,0,0,90,133,133,forward
15:01:23,-6.7330937,107.37378,100,50,50,25,-90,0,0,90,132,133,forward
15:01:25,-6.7330937,107.37378,100,50,50,50,-90,0,0,90,131,133,forward
15:01:27,-6.7330937,107.37378,100,50,50,75,-90,0,0,90,130,133,forward
15:01:29,-6.7330937,107.37378,105,50,50,100,-90,0,0,90,129,133,forward
15:01:31,-6.7330937,107.37378,100,50,50,100,-90,0,0,90,129,133,forward
15:01:33,-6.7330937,107.37378,137,85,92,50,-90,0,0,90,131,133,forward
15:01:35,-6.7330937,107.37378,100,85,92,125,-90,0,0,90,128,133,forward
15:01:37,-6.7330937,107.37378,100,85,92,0,-90,0,0,90,133,133,forward
15:01:39,-6.7330937,107.37378,162,85,92,0,-90,0,0,90,139,135,forward
15:01:41,-6.7330937,107.37378,199,85,92,250,-90,0,0,90,144,155,forward
15:01:43,-6.7330937,107.37378,213,85,92,500,-90,0,0,90,152,175,forward
15:01:45,-6.7330937,107.37378,319,85,92,400,-90,0,0,90,164,180,forward
15:01:47,-6.7330937,107.37378,237,85,92,225,-90,0,0,90,171,180,forward
15:01:49,-6.7330937,107.37378,160,85,92,500,-90,0,0,90,175,197,forward
15:01:51,-6.7330937,107.37378,286,85,92,350,-90,0,0,90,188,202,forward
15:01:54,-6.7330937,107.37378,100,85,92,0,-90,0,0,90,196,196,forward
15:01:56,-6.7330937,107.37378,125,85,92,0,-90,0,0,90,198,196,forward
15:01:58,-6.7330937,107.37378,162,85,92,0,-90,0,0,90,201,196,forward
15:02:00,-6.7330937,107.37378,111,85,92,25,-90,0,0,90,202,204,forward
15:02:02,-6.7330937,107.37378,167,85,92,450,-90,0,0,90,205,224,forward
15:02:04,-6.7330937,107.37378,264,85,92,225,-90,0,0,90,215,224,forward
15:02:06,-6.7330937,107.37378,188,85,92,100,-90,0,0,90,220,224,forward
15:02:08,-6.7330937,107.37378,138,85,92,175,-90,0,0,90,222,230,forward
15:02:10,-6.7330937,107.37378,160,85,92,300,-90,0,0,90,227,239,forward
15:02:12,-6.7330937,107.37378,266,85,92,250,-90,0,0,90,234,245,forward
15:02:14,-6.7330937,107.37378,187,85,92,500,-90,0,0,90,238,265,forward
15:02:16,-6.7330937,107.37378,235,85,92,500,-90,0,0,90,249,285,forward
15:02:18,-6.7330937,107.37378,265,85,92,500,-90,0,0,90,262,295,forward
15:02:20,-6.7330937,107.37378,350,85,92,500,-90,0,0,90,274,308,forward
15:02:22,-6.7330937,107.37378,275,85,92,500,-90,0,0,90,284,325,forward
15:02:24,-6.7330937,107.37378,253,85,92,500,-90,0,0,90,295,343,forward
15:02:26,-6.7330937,107.37378,288,85,92,500,-90,0,0,90,311,357,forward
15:02:28,-6.7330937,107.37378,286,85,92,500,-90,0,0,90,328,357,forward
15:02:30,-6.7330937,107.37378,334,85,92,275,-90,0,0,90,346,357,forward
15:02:32,-6.7330937,107.37378,273,85,92,100,-90,0,0,90,353,358,forward
15:02:35,-6.7330937,107.37378,100,85,92,500,-90,0,0,90,351,17,forward
15:02:37,-6.7330937,107.37378,350,85,92,125,-90,0,0,90,17,22,forward
15:02:39,-6.7330937,107.37378,167,85,92,250,-90,0,0,90,16,27,forward
15:02:41,-6.7330937,107.37378,100,85,92,500,-90,0,0,90,14,43,forward
15:02:43,-6.7330937,107.37378,350,85,92,75,-90,0,0,90,40,43,forward
15:02:45,-6.7330937,107.37378,200,85,92,0,-90,0,0,90,51,43,forward
15:02:47,-6.7330937,107.37378,162,85,92,0,-90,0,0,90,51,47,forward
15:02:49,-6.7330937,107.37378,100,85,92,450,-90,0,0,90,48,67,forward
15:02:51,-6.7330937,107.37378,350,85,92,300,-90,0,0,90,69,81,forward
15:02:53,-6.7330937,107.37378,175,50,50,0,-90,0,0,90,87,81,forward
15:02:55,-6.7330937,107.37378,225,50,50,0,-90,0,0,90,91,82,forward
15:02:57,-6.7330937,107.37378,100,50,50,425,-90,0,0,90,84,102,forward
15:02:59,-6.7330937,107.37378,271,50,50,175,-90,0,0,90,95,102,forward
15:03:01,-6.7330937,107.37378,200,50,50,0,-90,0,0,90,110,102,forward
15:03:03,-6.7330937,107.37378,212,50,50,0,-90,0,0,90,111,102,forward
15:03:05,-6.7330937,107.37378,100,50,50,336,-90,0,0,90,102,102,forward
15:03:07,-6.7330937,107.37378,100,50,50,150,-90,0,0,90,96,102,forward
15:03:09,-6.7330937,107.37378,100,50,50,125,-90,0,0,90,97,102,forward
15:03:12,-6.7330937,107.37378,188,50,50,25,-90,0,0,90,101,102,forward
15:03:14,-6.7330937,107.37378,138,50,50,0,-90,0,0,90,105,102,forward
15:03:16,-6.7330937,107.37378,138,50,50,0,-90,0,0,90,105,102,forward
15:03:18,-6.7330937,107.37378,100,50,50,50,-90,0,0,90,100,102,forward
15:03:20,-6.7330937,107.37378,100,50,50,150,-90,0,0,90,96,102,forward
15:03:22,-6.7330937,107.37378,117,50,50,100,-90,0,0,90,98,102,forward
15:03:24,-6.7330937,107.37378,112,50,50,0,-90,0,0,90,103,102,forward
15:03:26,-6.7330937,107.37378,138,50,50,0,-90,0,0,90,105,102,forward
15:03:28,-6.7330937,107.37378,112,50,50,13,-90,0,0,90,103,102,forward
15:03:30,-6.7330937,107.37378,100,50,50,150,-90,0,0,90,96,102,forward
15:03:32,-6.7330937,107.37378,100,50,50,150,-90,0,0,90,96,102,forward
15:03:34,-6.7330937,107.37378,100,50,50,0,-90,0,0,90,102,102,forward
15:03:36,-6.7330937,107.37378,150,50,50,0,-90,0,0,90,106,102,forward
15:03:38,-6.7330937,107.37378,100,50,50,6,-90,0,0,90,102,102,forward
15:03:40,-6.7330937,107.37378,100,50,50,150,-90,0,0,90,96,102,forward
15:03:42,-6.7330937,107.37378,100,50,50,125,-90,0,0,90,97,102,forward
15:03:44,-6.7330937,107.37378,100,55,56,0,-90,0,0,90,102,102,forward
15:03:46,-6.7330937,107.37378,112,105,116,0,-90,0,0,90,103,102,forward
15:03:48,-6.7330937,107.37378,100,105,116,450,-90,0,0,90,101,120,forward
15:03:50,-6.7330937,107.37378,335,85,92,275,-90,0,0,90,117,129,forward
15:03:52,-6.7330937,107.37378,286,85,92,500,-90,0,0,90,126,147,forward
15:03:55,-6.7330937,107.37378,186,85,92,500,-90,0,0,90,134,166,forward
15:03:57,-6.7330937,107.37378,312,50,50,500,-90,0,0,90,150,177,forward
15:03:59,-6.7330937,107.37378,299,50,50,500,-90,0,0,90,160,194,forward
15:04:01,-6.7330937,107.37378,318,70,74,500,-90,0,0,90,171,202,forward
15:04:03,-6.7330937,107.37378,276,100,110,500,-90,0,0,90,178,202,forward
15:04:05,-6.7330937,107.37378,282,100,110,350,-90,0,0,90,188,202,forward
15:04:07,-6.7330937,107.37378,325,100,110,25,-90,0,0,90,199,199,forward
15:04:09,-6.7330937,107.37378,350,95,104,0,-90,0,0,90,204,183,forward
15:04:11,-6.7330937,107.37378,350,85,92,0,-90,0,0,90,208,183,forward
15:04:13,-6.7330937,107.37378,212,55,56,228,-90,0,0,90,199,191,forward
15:04:15,-6.7330937,107.37378,100,55,56,450,-90,0,0,90,192,211,forward
15:04:17,-6.7330937,107.37378,160,55,56,500,-90,0,0,90,199,227,forward
15:04:19,-6.7330937,107.37378,316,90,98,300,-90,0,0,90,215,228,forward
15:04:21,-6.7330937,107.37378,284,90,98,325,-90,0,0,90,226,240,forward
15:04:23,-6.7330937,107.37378,239,90,98,100,-90,0,0,90,232,237,forward
15:04:25,-6.7330937,107.37378,200,90,98,500,-90,0,0,90,235,257,forward
15:04:27,-6.7330937,107.37378,281,90,98,500,-90,0,0,90,245,277,forward
15:04:29,-6.7330937,107.37378,281,90,98,500,-90,0,0,90,258,297,forward
15:04:31,-6.7330937,107.37378,338,90,98,500,-90,0,0,90,269,317,forward
15:04:33,-6.7330937,107.37378,281,90,98,500,-90,0,0,90,278,337,forward
15:04:35,-6.7330937,107.37378,273,90,98,500,-90,0,0,90,290,357,forward
15:04:37,-6.7330937,107.37378,350,90,98,500,-90,0,0,90,305,17,forward
15:04:39,-6.7330937,107.37378,291,70,74,500,-90,0,0,90,316,26,forward
15:04:41,-6.7330937,107.37378,302,70,74,500,-90,0,0,90,330,27,forward
15:04:43,-6.7330937,107.37378,350,70,74,500,-90,0,0,90,349,27,forward
15:04:45,-6.7330937,107.37378,350,70,74,500,-90,0,0,90,359,27,forward
15:04:48,-6.7330937,107.37378,335,70,74,350,-90,0,0,90,13,27,forward
15:04:50,-6.7330937,107.37378,274,70,74,225,-90,0,0,90,18,27,forward
15:04:52,-6.7330937,107.37378,134,70,74,500,-90,0,0,90,19,41,forward
15:04:54,-6.7330937,107.37378,138,70,74,0,-90,0,0,90,42,39,forward
15:04:56,-6.7330937,107.37378,150,95,104,0,-90,0,0,90,43,39,forward
15:04:58,-6.7330937,107.37378,188,95,104,0,-90,0,0,90,46,39,forward
15:05:00,-6.7330937,107.37378,138,95,104,36,-90,0,0,90,46,44,forward
15:05:02,-6.7330937,107.37378,101,95,104,375,-90,0,0,90,48,64,forward
15:05:04,-6.7330937,107.37378,292,50,50,200,-90,0,0,90,65,73,forward
15:05:06,-6.7330937,107.37378,121,50,50,450,-90,0,0,90,64,83,forward
15:05:08,-6.7330937,107.37378,151,50,50,500,-90,0,0,90,73,96,forward
15:05:10,-6.7330937,107.37378,350,60,62,25,-90,0,0,90,95,96,forward
15:05:12,-6.7330937,107.37378,112,50,50,0,-90,0,0,90,97,96,forward
15:05:14,-6.7330937,107.37378,125,50,50,7,-90,0,0,90,98,96,forward
15:05:16,-6.7330937,107.37378,125,50,50,38,-90,0,0,90,98,96,forward
15:05:18,-6.7330937,107.37378,100,50,50,75,-90,0,0,90,93,96,forward
15:05:20,-6.7330937,107.37378,100,50,50,150,-90,0,0,90,90,96,forward
15:05:22,-6.7330937,107.37378,135,50,50,50,-90,0,0,90,94,96,forward
15:05:24,-6.7330937,107.37378,125,85,92,0,-90,0,0,90,98,96,forward
15:05:26,-6.7330937,107.37378,100,85,92,275,-90,0,0,90,95,107,forward
15:05:29,-6.7330937,107.37378,179,75,80,500,-90,0,0,90,103,123,forward
15:05:31,-6.7330937,107.37378,112,50,50,0,-90,0,0,90,124,123,forward
15:05:33,-6.7330937,107.37378,212,50,50,0,-90,0,0,90,132,123,forward
15:05:35,-6.7330937,107.37378,150,50,50,35,-90,0,0,90,127,123,forward
15:05:37,-6.7330937,107.37378,100,50,50,125,-90,0,0,90,118,123,forward
15:05:39,-6.7330937,107.37378,175,50,50,154,-90,0,0,90,113,106,forward
15:05:41,-6.7330937,107.37378,150,50,50,0,-90,0,0,90,115,111,forward
15:05:43,-6.7330937,107.37378,100,50,50,5,-90,0,0,90,111,111,forward
15:05:45,-6.7330937,107.37378,100,50,50,175,-90,0,0,90,104,111,forward
15:05:47,-6.7330937,107.37378,100,75,80,175,-90,0,0,90,104,111,forward
15:05:49,-6.7330937,107.37378,157,175,200,125,-90,0,0,90,106,111,forward
15:05:51,-6.7330937,107.37378,175,175,200,0,-90,0,0,90,113,107,forward
15:05:53,-6.7330937,107.37378,275,175,200,0,-90,0,0,90,123,109,forward
15:05:55,-6.7330937,107.37378,338,175,200,0,-90,0,0,90,128,109,forward
15:05:57,-6.7330937,107.37378,350,175,200,0,-90,0,0,90,132,109,forward
15:05:59,-6.7330937,107.37378,350,175,200,0,-90,0,0,90,136,98,forward
15:06:01,-6.7330937,107.37378,350,175,200,0,-90,0,0,90,138,78,forward
15:06:03,-6.7330937,107.37378,350,175,200,0,-90,0,0,90,140,72,forward
15:06:05,-6.7330937,107.37378,350,175,200,0,-90,0,0,90,143,72,forward
15:06:08,-6.7330937,107.37378,350,140,158,0,-90,0,0,90,144,72,forward
15:06:10,-6.7330937,107.37378,350,50,50,0,-90,0,0,90,146,72,forward
15:06:12,-6.7330937,107.37378,350,50,50,261,-90,0,0,90,137,72,forward
15:06:14,-6.7330937,107.37378,350,50,50,387,-90,0,0,90,121,88,forward
15:06:16,-6.7330937,107.37378,125,50,50,346,-90,0,0,90,109,108,forward
15:06:18,-6.7330937,107.37378,100,50,50,425,-90,0,0,90,110,128,forward
15:06:20,-6.7330937,107.37378,269,55,56,450,-90,0,0,90,126,144,forward
15:06:22,-6.7330937,107.37378,350,80,86,75,-90,0,0,90,141,144,forward
15:06:24,-6.7330937,107.37378,100,80,86,500,-90,0,0,90,134,156,forward
15:06:26,-6.7330937,107.37378,311,80,86,500,-90,0,0,90,147,168,forward
15:06:28,-6.7330937,107.37378,350,80,86,125,-90,0,0,90,163,168,forward
15:06:30,-6.7330937,107.37378,112,80,86,450,-90,0,0,90,164,183,forward
15:06:32,-6.7330937,107.37378,345,80,86,425,-90,0,0,90,179,196,forward
15:06:34,-6.7330937,107.37378,261,80,86,375,-90,0,0,90,190,206,forward
15:06:36,-6.7330937,107.37378,275,80,86,350,-90,0,0,90,197,211,forward
15:06:38,-6.7330937,107.37378,291,80,86,150,-90,0,0,90,208,214,forward
15:06:40,-6.7330937,107.37378,195,80,86,50,-90,0,0,90,212,214,forward
15:06:42,-6.7330937,107.37378,112,80,86,300,-90,0,0,90,212,225,forward
15:06:44,-6.7330937,107.37378,189,80,86,275,-90,0,0,90,218,229,forward
15:06:47,-6.7330937,107.37378,232,80,86,100,-90,0,0,90,225,229,forward
15:06:49,-6.7330937,107.37378,137,80,86,100,-90,0,0,90,225,229,forward
15:06:51,-6.7330937,107.37378,114,80,86,100,-90,0,0,90,225,229,forward
15:06:53,-6.7330937,107.37378,121,80,86,425,-90,0,0,90,226,244,forward
15:06:55,-6.7330937,107.37378,228,80,86,500,-90,0,0,90,237,259,forward
15:06:57,-6.7330937,107.37378,330,80,86,500,-90,0,0,90,248,269,forward
15:06:59,-6.7330937,107.37378,266,80,86,500,-90,0,0,90,258,284,forward
15:07:01,-6.7330937,107.37378,276,80,86,500,-90,0,0,90,269,304,forward
15:07:03,-6.7330937,107.37378,267,80,86,500,-90,0,0,90,282,324,forward
15:07:05,-6.7330937,107.37378,348,80,86,500,-90,0,0,90,298,344,forward
15:07:07,-6.7330937,107.37378,326,80,86,500,-90,0,0,90,307,353,forward
15:07:09,-6.7330937,107.37378,318,50,50,500,-90,0,0,90,319,354,forward
15:07:11,-6.7330937,107.37378,265,50,50,500,-90,0,0,90,326,354,forward
15:07:13,-6.7330937,107.37378,221,50,50,475,-90,0,0,90,335,354,forward
15:07:15,-6.7330937,107.37378,299,50,50,200,-90,0,0,90,346,354,forward
15:07:17,-6.7330937,107.37378,100,50,50,300,-90,0,0,90,342,354,forward
15:07:19,-6.7330937,107.37378,100,50,50,0,-90,0,0,90,354,354,forward
15:07:21,-6.7330937,107.37378,225,50,50,0,-90,0,0,90,4,354,forward
15:07:23,-6.7330937,107.37378,200,50,50,0,-90,0,0,90,2,354,forward
15:07:25,-6.7330937,107.37378,100,50,50,150,-90,0,0,90,348,354,forward
15:07:28,-6.7330937,107.37378,100,50,50,200,-90,0,0,90,346,354,forward
15:07:30,-6.7330937,107.37378,100,50,50,0,-90,0,0,90,354,354,forward
15:07:32,-6.7330937,107.37378,150,50,50,0,-90,0,0,90,358,354,forward
15:07:34,-6.7330937,107.37378,100,50,50,75,-90,0,0,90,351,354,forward
15:07:36,-6.7330937,107.37378,100,50,50,175,-90,0,0,90,347,354,forward
15:07:38,-6.7330937,107.37378,100,50,50,0,-90,0,0,90,354,354,forward
15:07:40,-6.7330937,107.37378,175,50,50,0,-90,0,0,90,0,354,forward
15:07:42,-6.7330937,107.37378,150,50,50,86,-90,0,0,90,358,354,forward
15:07:44,-6.7330937,107.37378,100,50,50,175,-90,0,0,90,347,354,forward
15:07:46,-6.7330937,107.37378,100,50,50,175,-90,0,0,90,347,354,forward
15:07:48,-6.7330937,107.37378,150,50,50,0,-90,0,0,90,358,354,forward
15:07:50,-6.7330937,107.37378,238,50,50,0,-90,0,0,90,5,354,forward
15:07:52,-6.7330937,107.37378,125,50,50,236,-90,0,0,90,356,354,forward
15:07:54,-6.7330937,107.37378,100,50,50,100,-90,0,0,90,350,354,forward
15:07:56,-6.7330937,107.37378,100,50,50,125,-90,0,0,90,349,354,forward
15:07:58,-6.7330937,107.37378,100,50,50,20,-90,0,0,90,354,354,forward
15:08:00,-6.7330937,107.37378,112,50,50,70,-90,0,0,90,355,354,forward
15:08:02,-6.7330937,107.37378,100,50,50,75,-90,0,0,90,351,354,forward
15:08:04,-6.7330937,107.37378,100,50,50,200,-90,0,0,90,346,354,forward
15:08:06,-6.7330937,107.37378,300,50,50,0,-90,0,0,90,354,337,forward
15:08:09,-6.7330937,107.37378,350,50,50,0,-90,0,0,90,357,323,forward
15:08:11,-6.7330937,107.37378,250,90,98,500,-90,0,0,90,333,321,forward
15:08:13,-6.7330937,107.37378,100,130,146,50,-90,0,0,90,319,321,forward
15:08:15,-6.7330937,107.37378,112,130,146,0,-90,0,0,90,327,327,forward
15:08:17,-6.7330937,107.37378,100,130,146,0,-90,0,0,90,343,343,forward
15:08:19,-6.7330937,107.37378,125,130,146,0,-90,0,0,90,358,357,forward
15:08:21,-6.7330937,107.37378,251,130,146,350,-90,0,0,90,2,17,forward
15:08:23,-6.7330937,107.37378,142,130,146,500,-90,0,0,90,9,37,forward
15:08:25,-6.7330937,107.37378,350,130,146,500,-90,0,0,90,37,58,forward
15:08:27,-6.7330937,107.37378,320,130,146,500,-90,0,0,90,50,78,forward
15:08:29,-6.7330937,107.37378,253,130,146,500,-90,0,0,90,61,98,forward
15:08:31,-6.7330937,107.37378,342,130,146,500,-90,0,0,90,77,118,forward
15:08:33,-6.7330937,107.37378,350,130,146,500,-90,0,0,90,91,139,forward
15:08:35,-6.7330937,107.37378,268,130,146,500,-90,0,0,90,99,159,forward
15:08:37,-6.7330937,107.37378,315,110,122,500,-90,0,0,90,110,173,forward
15:08:39,-6.7330937,107.37378,295,50,50,500,-90,0,0,90,119,173,forward
15:08:41,-6.7330937,107.37378,229,50,50,500,-90,0,0,90,125,173,forward
15:08:43,-6.7330937,107.37378,269,50,50,500,-90,0,0,90,136,177,forward
15:08:46,-6.7330937,107.37378,320,75,80,500,-90,0,0,90,148,178,forward
15:08:48,-6.7330937,107.37378,270,80,86,500,-90,0,0,90,155,178,forward
15:08:50,-6.7330937,107.37378,261,80,86,375,-90,0,0,90,163,178,forward
15:08:52,-6.7330937,107.37378,257,80,86,50,-90,0,0,90,176,178,forward
15:08:54,-6.7330937,107.37378,172,80,86,425,-90,0,0,90,177,195,forward
15:08:56,-6.7330937,107.37378,221,80,86,500,-90,0,0,90,186,209,forward
15:08:58,-6.7330937,107.37378,350,80,86,250,-90,0,0,90,199,209,forward
15:09:00,-6.7330937,107.37378,195,80,86,325,-90,0,0,90,201,215,forward
15:09:02,-6.7330937,107.37378,195,50,50,375,-90,0,0,90,208,223,forward
15:09:04,-6.7330937,107.37378,245,50,50,125,-90,0,0,90,218,223,forward
15:09:06,-6.7330937,107.37378,127,50,50,125,-90,0,0,90,218,223,forward
15:09:08,-6.7330937,107.37378,100,50,50,150,-90,0,0,90,217,223,forward
15:09:10,-6.7330937,107.37378,139,50,50,75,-90,0,0,90,220,223,forward
15:09:12,-6.7330937,107.37378,300,50,50,0,-90,0,0,90,223,206,forward
15:09:14,-6.7330937,107.37378,350,50,50,0,-90,0,0,90,224,187,forward
15:09:16,-6.7330937,107.37378,350,50,50,317,-90,0,0,90,212,187,forward
15:09:18,-6.7330937,107.37378,250,50,50,312,-90,0,0,90,199,187,forward
15:09:20,-6.7330937,107.37378,238,50,50,66,-90,0,0,90,198,187,forward
15:09:22,-6.7330937,107.37378,250,50,50,0,-90,0,0,90,199,187,forward
15:09:24,-6.7330937,107.37378,250,50,50,0,-90,0,0,90,199,187,forward
15:09:27,-6.7330937,107.37378,238,50,50,0,-90,0,0,90,198,187,forward
15:09:29,-6.7330937,107.37378,188,50,50,0,-90,0,0,90,198,191,forward
15:09:31,-6.7330937,107.37378,109,50,50,100,-90,0,0,90,197,201,forward
15:09:33,-6.7330937,107.37378,100,50,50,75,-90,0,0,90,198,201,forward
15:09:35,-6.7330937,107.37378,160,50,50,25,-90,0,0,90,200,201,forward
15:09:37,-6.7330937,107.37378,100,50,50,4,-90,0,0,90,201,201,forward
15:09:39,-6.7330937,107.37378,100,50,50,0,-90,0,0,90,201,201,forward
15:09:41,-6.7330937,107.37378,100,50,50,50,-90,0,0,90,199,201,forward
15:09:43,-6.7330937,107.37378,100,50,50,100,-90,0,0,90,197,201,forward
15:09:45,-6.7330937,107.37378,100,50,50,100,-90,0,0,90,197,201,forward
15:09:47,-6.7330937,107.37378,111,50,50,75,-90,0,0,90,198,201,forward
15:09:49,-6.7330937,107.37378,100,50,50,50,-90,0,0,90,199,201,forward
15:09:51,-6.7330937,107.37378,100,50,50,125,-90,0,0,90,196,201,forward
15:09:53,-6.7330937,107.37378,100,50,50,100,-90,0,0,90,197,201,forward
15:09:55,-6.7330937,107.37378,154,50,50,25,-90,0,0,90,200,201,forward
15:09:57,-6.7330937,107.37378,112,50,50,0,-90,0,0,90,202,201,forward
15:09:59,-6.7330937,107.37378,112,50,50,0,-90,0,0,90,202,201,forward
15:10:01,-6.7330937,107.37378,100,50,50,50,-90,0,0,90,199,201,forward
15:10:03,-6.7330937,107.37378,100,50,50,100,-90,0,0,90,197,201,forward
15:10:05,-6.7330937,107.37378,100,50,50,125,-90,0,0,90,196,201,forward
15:10:08,-6.7330937,107.37378,147,50,50,75,-90,0,0,90,198,201,forward
15:10:10,-6.7330937,107.37378,100,50,50,0,-90,0,0,90,201,201,forward
15:10:12,-6.7330937,107.37378,100,50,50,0,-90,0,0,90,201,201,forward
15:10:14,-6.7330937,107.37378,100,50,50,10,-90,0,0,90,201,201,forward
15:10:16,-6.7330937,107.37378,100,50,50,25,-90,0,0,90,200,201,forward
15:10:18,-6.7330937,107.37378,100,50,50,50,-90,0,0,90,199,201,forward
15:10:20,-6.7330937,107.37378,100,50,50,75,-90,0,0,90,198,201,forward
15:10:22,-6.7330937,107.37378,100,50,50,75,-90,0,0,90,198,201,forward
15:10:24,-6.7330937,107.37378,100,50,50,50,-90,0,0,90,199,201,forward
15:10:26,-6.7330937,107.37378,102,50,50,50,-90,0,0,90,199,201,forward
15:10:28,-6.7330937,107.37378,100,50,50,50,-90,0,0,90,199,201,forward
15:10:30,-6.7330937,107.37378,100,50,50,75,-90,0,0,90,198,201,forward
15:10:32,-6.7330937,107.37378,104,50,50,75,-90,0,0,90,198,201,forward
15:10:34,-6.7330937,107.37378,100,50,50,75,-90,0,0,90,198,201,forward
15:10:36,-6.7330937,107.37378,128,50,50,75,-90,0,0,90,198,201,forward
15:10:38,-6.7330937,107.37378,131,50,50,25,-90,0,0,90,200,201,forward
15:10:40,-6.7330937,107.37378,100,50,50,75,-90,0,0,90,198,201,forward
15:10:42,-6.7330937,107.37378,100,50,50,175,-90,0,0,90,194,201,forward
15:10:44,-6.7330937,107.37378,154,50,50,125,-90,0,0,90,196,201,forward
15:10:46,-6.7330937,107.37378,146,50,50,50,-90,0,0,90,199,201,forward
15:10:48,-6.7330937,107.37378,123,50,50,50,-90,0,0,90,199,201,forward
15:10:50,-6.7330937,107.37378,100,50,50,150,-90,0,0,90,195,201,forward
15:10:52,-6.7330937,107.37378,113,50,50,150,-90,0,0,90,195,201,forward
15:10:54,-6.7330937,107.37378,124,50,50,75,-90,0,0,90,198,201,forward
15:10:56,-6.7330937,107.37378,145,50,50,25,-90,0,0,90,200,201,forward
15:10:59,-6.7330937,107.37378,100,50,50,100,-90,0,0,90,197,201,forward
15:11:01,-6.7330937,107.37378,100,50,50,125,-90,0,0,90,196,201,forward
15:11:03,-6.7330937,107.37378,128,50,50,75,-90,0,0,90,198,201,forward
15:11:05,-6.7330937,107.37378,122,50,50,25,-90,0,0,90,200,201,forward
15:11:07,-6.7330937,107.37378,100,50,50,0,-90,0,0,90,201,201,forward
15:11:09,-6.7330937,107.37378,100,50,50,0,-90,0,0,90,201,201,forward
15:11:11,-6.7330937,107.37378,100,50,50,6,-90,0,0,90,201,201,forward
15:11:13,-6.7330937,107.37378,100,50,50,1,-90,0,0,90,201,201,forward
15:11:15,-6.7330937,107.37378,100,50,50,0,-90,0,0,90,201,201,forward
15:11:17,-6.7330937,107.37378,112,50,50,0,-90,0,0,90,202,201,forward
15:11:19,-6.7330937,107.37378,100,50,50,0,-90,0,0,90,201,201,forward
15:11:21,-6.7330937,107.37378,100,50,50,50,-90,0,0,90,199,201,forward
15:11:23,-6.7330937,107.37378,100,50,50,50,-90,0,0,90,199,201,forward
15:11:25,-6.7330937,107.37378,100,50,50,75,-90,0,0,90,198,201,forward
15:11:27,-6.7330937,107.37378,109,50,50,50,-90,0,0,90,199,201,forward
15:11:29,-6.7330937,107.37378,100,50,50,50,-90,0,0,90,199,201,forward
15:11:31,-6.7330937,107.37378,136,50,50,25,-90,0,0,90,200,201,forward
15:11:33,-6.7330937,107.37378,102,50,50,50,-90,0,0,90,199,201,forward
15:11:35,-6.7330937,107.37378,100,50,50,125,-90,0,0,90,196,201,forward
15:11:37,-6.7330937,107.37378,100,50,50,125,-90,0,0,90,196,201,forward
15:11:39,-6.7330937,107.37378,156,50,50,50,-90,0,0,90,199,201,forward
15:11:41,-6.7330937,107.37378,112,50,50,0,-90,0,0,90,202,201,forward
15:11:43,-6.7330937,107.37378,100,50,50,12,-90,0,0,90,201,201,forward
15:11:46,-6.7330937,107.37378,100,50,50,25,-90,0,0,90,200,201,forward
15:11:48,-6.7330937,107.37378,100,50,50,35,-90,0,0,90,201,201,forward
15:11:50,-6.7330937,107.37378,100,50,50,0,-90,0,0,90,201,201,forward
15:11:52,-6.7330937,107.37378,115,50,50,25,-90,0,0,90,200,201,forward
15:11:54,-6.7330937,107.37378,100,50,50,75,-90,0,0,90,198,201,forward
15:11:56,-6.7330937,107.37378,100,50,50,100,-90,0,0,90,197,201,forward
15:11:58,-6.7330937,107.37378,100,50,50,75,-46,0,0,90,198,201,forward
15:12:00,-6.7330937,107.37378,109,50,0,50,-46,0,-46,90,199,201,forward
15:12:02,-6.7330937,107.37378,100,50,0,50,-46,0,-46,90,199,201,forward
15:12:04,-6.7330937,107.37378,100,50,0,75,-46,0,-46,90,198,201,forward
15:12:06,-6.7330937,107.37378,100,50,0,75,-46,0,-46,90,198,201,forward
15:12:08,-6.7330937,107.37378,100,50,50,0,-135,-45,45,135,198,201,cross
15:12:11,-6.7330937,107.37378,112,50,50,0,-90,0,0,90,199,198,forward
15:12:13,-6.7330937,107.37378,112,50,50,0,-90,0,0,90,199,198,forward
15:12:15,-6.7330937,107.37378,100,50,50,50,-90,0,0,90,196,198,forward
15:12:17,-6.7330937,107.37378,100,50,50,100,-90,0,0,90,194,198,forward
15:12:19,-6.7330937,107.37378,103,50,50,75,-90,0,0,90,195,198,forward
15:12:21,-6.7330937,107.37378,143,50,50,25,-90,0,0,90,197,198,forward
15:12:23,-6.7330937,107.37378,100,55,56,50,-90,0,0,90,196,198,forward
15:12:25,-6.7330937,107.37378,100,70,74,150,-90,0,0,90,192,198,forward
15:12:27,-6.7330937,107.37378,100,70,74,150,-90,0,0,90,192,198,forward
15:12:29,-6.7330937,107.37378,112,70,74,0,-90,0,0,90,199,198,forward
15:12:31,-6.7330937,107.37378,188,70,74,0,-90,0,0,90,205,198,forward
15:12:33,-6.7330937,107.37378,200,50,50,0,-90,0,0,90,206,198,forward
15:12:35,-6.7330937,107.37378,138,50,50,168,-90,0,0,90,201,198,forward
15:12:38,-6.7330937,107.37378,100,50,50,50,-90,0,0,90,196,198,forward
15:12:40,-6.7330937,107.37378,100,50,50,75,-90,0,0,90,195,198,forward
15:12:42,-6.7330937,107.37378,109,50,50,100,-90,0,0,90,194,198,forward
15:12:44,-6.7330937,107.37378,116,50,50,75,-90,0,0,90,195,198,forward
15:12:46,-6.7330937,107.37378,125,50,50,50,-90,0,0,90,196,198,forward
15:12:48,-6.7330937,107.37378,100,50,50,175,-90,0,0,90,191,198,forward
15:12:50,-6.7330937,107.37378,114,50,50,125,-90,0,0,90,193,198,forward
15:12:52,-6.7330937,107.37378,156,50,50,25,-90,0,0,90,197,198,forward
15:12:54,-6.7330937,107.37378,100,50,50,75,-90,0,0,90,195,198,forward
15:12:56,-6.7330937,107.37378,100,50,50,150,-90,0,0,90,192,198,forward
15:12:59,-6.7330937,107.37378,127,50,50,100,-90,0,0,90,194,198,forward
15:13:01,-6.7330937,107.37378,137,50,50,50,-90,0,0,90,196,198,forward
15:13:03,-6.7330937,107.37378,110,50,50,50,-90,0,0,90,196,198,forward
15:13:05,-6.7330937,107.37378,100,50,50,175,-90,0,0,90,191,198,forward
15:13:07,-6.7330937,107.37378,100,50,50,150,-90,0,0,90,192,198,forward
15:13:09,-6.7330937,107.37378,201,50,50,25,-90,0,0,90,197,198,forward
15:13:11,-6.7330937,107.37378,112,50,50,0,-90,0,0,90,199,198,forward
15:13:13,-6.7330937,107.37378,125,50,50,0,-90,0,0,90,200,198,forward
15:13:15,-6.7330937,107.37378,100,50,50,25,-90,0,0,90,197,198,forward
15:13:17,-6.7330937,107.37378,100,50,50,100,-90,0,0,90,194,198,forward
15:13:19,-6.7330937,107.37378,114,50,50,125,-90,0,0,90,193,198,forward
15:13:22,-6.7330937,107.37378,122,50,50,75,-90,0,0,90,195,198,forward
15:13:24,-6.7330937,107.37378,114,50,50,50,-90,0,0,90,196,198,forward
15:13:26,-6.7330937,107.37378,100,50,50,50,-90,0,0,90,196,198,forward
15:13:28,-6.7330937,107.37378,100,50,50,150,-90,0,0,90,192,198,forward
15:13:30,-6.7330937,107.37378,150,50,50,100,-90,0,0,90,194,198,forward
15:13:32,-6.7330937,107.37378,160,50,50,50,-90,0,0,90,196,198,forward
15:13:34,-6.7330937,107.37378,100,50,50,75,-90,0,0,90,195,198,forward
15:13:36,-6.7330937,107.37378,100,50,50,150,-90,0,0,90,192,198,forward
15:13:38,-6.7330937,107.37378,107,50,50,150,-90,0,0,90,192,198,forward
15:13:40,-6.7330937,107.37378,146,50,50,25,-90,0,0,90,197,198,forward
15:13:42,-6.7330937,107.37378,100,50,50,0,-90,0,0,90,198,198,forward
15:13:44,-6.7330937,107.37378,100,50,50,3,-90,0,0,90,198,198,forward
15:13:47,-6.7330937,107.37378,100,50,50,50,-90,0,0,90,196,198,forward
15:13:49,-6.7330937,107.37378,100,50,50,100,-90,0,0,90,194,198,forward
15:13:51,-6.7330937,107.37378,100,60,62,50,-90,0,0,90,194,196,forward
15:13:53,-6.7330937,107.37378,100,50,50,100,-90,0,0,90,192,196,forward
15:13:55,-6.7330937,107.37378,100,50,50,125,-90,0,0,90,193,198,forward
15:13:57,-6.7330937,107.37378,117,50,50,25,-90,0,0,90,197,198,forward
15:13:59,-6.7330937,107.37378,100,50,50,0,-90,0,0,90,198,198,forward
15:14:01,-6.7330937,107.37378,125,50,50,0,-90,0,0,90,200,198,forward
15:14:03,-6.7330937,107.37378,125,50,50,26,-90,0,0,90,200,198,forward
15:14:05,-6.7330937,107.37378,100,50,50,75,-90,0,0,90,195,198,forward
15:14:08,-6.7330937,107.37378,100,50,50,125,-90,0,0,90,193,198,forward
15:14:10,-6.7330937,107.37378,101,50,50,100,-90,0,0,90,194,198,forward
15:14:12,-6.7330937,107.37378,149,50,50,25,-90,0,0,90,197,198,forward
15:14:14,-6.7330937,107.37378,238,50,50,0,-90,0,0,90,197,186,forward
15:14:16,-6.7330937,107.37378,100,155,176,241,-90,0,0,90,186,186,forward
15:14:18,-6.7330937,107.37378,100,260,302,175,-90,0,0,90,179,186,forward
15:14:20,-6.7330937,107.37378,115,300,350,25,-90,0,0,90,185,186,forward
15:14:22,-6.7330937,107.37378,212,285,332,0,-90,0,0,90,188,179,forward
15:14:24,-6.7330937,107.37378,250,280,326,0,-90,0,0,90,191,179,forward
15:14:26,-6.7330937,107.37378,138,280,326,191,-90,0,0,90,182,179,forward
15:14:28,-6.7330937,107.37378,100,250,290,75,-90,0,0,90,176,179,forward
15:14:30,-6.7330937,107.37378,100,250,290,100,-90,0,0,90,175,179,forward
15:14:32,-6.7330937,107.37378,107,250,290,125,-90,0,0,90,174,179,forward
15:14:35,-6.7330937,107.37378,100,250,290,100,-90,0,0,90,175,179,forward
15:14:37,-6.7330937,107.37378,100,250,290,0,-90,0,0,90,175,175,forward
15:14:39,-6.7330937,107.37378,100,250,290,60,-90,0,0,90,175,175,forward
15:14:41,-6.7330937,107.37378,100,250,290,0,-90,0,0,90,175,174,forward
15:14:43,-6.7330937,107.37378,138,260,302,16,-90,0,0,90,176,173,forward
15:14:45,-6.7330937,107.37378,138,260,302,0,-90,0,0,90,176,173,forward
15:14:47,-6.7330937,107.37378,112,270,314,13,-90,0,0,90,174,173,forward
15:14:49,-6.7330937,107.37378,125,270,314,29,-90,0,0,90,175,173,forward
15:14:51,-6.7330937,107.37378,150,270,314,6,-90,0,0,90,175,172,forward
15:14:53,-6.7330937,107.37378,100,260,302,50,-90,0,0,90,174,176,forward
15:14:56,-6.7330937,107.37378,121,260,302,25,-90,0,0,90,175,176,forward
15:14:58,-6.7330937,107.37378,100,260,302,50,-90,0,0,90,174,176,forward
15:15:00,-6.7330937,107.37378,100,260,302,50,-90,0,0,90,174,176,forward
15:15:02,-6.7330937,107.37378,100,260,302,25,-90,0,0,90,175,176,forward
15:15:04,-6.7330937,107.37378,100,260,302,25,-90,0,0,90,175,176,forward
15:15:06,-6.7330937,107.37378,100,260,302,50,-90,0,0,90,174,176,forward
15:15:08,-6.7330937,107.37378,100,260,302,50,-90,0,0,90,174,176,forward
15:15:10,-6.7330937,107.37378,114,260,302,25,-90,0,0,90,175,176,forward
15:15:12,-6.7330937,107.37378,110,260,302,50,-90,0,0,90,174,176,forward
15:15:14,-6.7330937,107.37378,117,260,302,50,-90,0,0,90,174,176,forward
15:15:16,-6.7330937,107.37378,100,260,302,25,-90,0,0,90,175,176,forward
15:15:18,-6.7330937,107.37378,100,185,212,50,-90,0,0,90,174,176,forward
15:15:20,-6.7330937,107.37378,100,80,86,75,-90,0,0,90,173,176,forward
15:15:22,-6.7330937,107.37378,100,50,50,125,-90,0,0,90,171,176,forward
15:15:24,-6.7330937,107.37378,100,50,50,100,-90,0,0,90,172,176,forward
15:15:26,-6.7330937,107.37378,119,50,50,425,-90,0,0,90,175,193,forward
15:15:29,-6.7330937,107.37378,151,50,50,500,-90,0,0,90,177,177,forward
15:15:31,-6.7330937,107.37378,151,50,50,500,-90,0,0,90,183,183,forward
15:15:33,-6.7330937,107.37378,151,50,50,500,-90,0,0,90,182,182,forward
15:15:35,-6.7330937,107.37378,151,50,50,500,-90,0,0,90,191,191,forward
15:15:37,-6.7330937,107.37378,151,50,50,500,-90,0,0,90,203,203,forward
15:15:39,-6.7330937,107.37378,100,50,50,0,-90,0,0,90,214,214,forward
15:15:41,-6.7330937,107.37378,100,50,50,0,-90,0,0,90,215,215,forward
15:15:43,-6.7330937,107.37378,100,50,50,0,-90,0,0,90,210,210,forward
15:15:45,-6.7330937,107.37378,100,50,50,0,-90,-90,90,90,205,205,sway
15:15:47,-6.7330937,107.37378,100,50,50,0,-90,0,0,90,201,201,forward
15:15:49,-6.7330937,107.37378,100,50,50,50,-90,0,0,90,197,199,forward
15:15:52,-6.7330937,107.37378,100,50,50,25,-90,0,0,90,198,199,forward
15:15:54,-6.7330937,107.37378,100,50,50,75,-90,0,0,90,196,199,forward
15:15:56,-6.7330937,107.37378,200,50,50,92,-90,0,0,90,194,185,forward
15:15:58,-6.7330937,107.37378,350,50,50,313,-90,0,0,90,186,164,forward
15:16:00,-6.7330937,107.37378,350,50,50,446,-90,0,0,90,174,143,forward
15:16:02,-6.7330937,107.37378,350,50,50,376,-90,0,0,90,163,123,forward
15:16:04,-6.7330937,107.37378,350,50,50,282,-90,0,0,90,152,102,forward
15:16:06,-6.7330937,107.37378,350,50,50,265,-90,0,0,90,143,91,forward
15:16:08,-6.7330937,107.37378,350,50,50,431,-90,0,0,90,131,70,forward
15:16:10,-6.7330937,107.37378,350,50,50,393,-90,0,0,90,122,61,forward
15:16:12,-6.7330937,107.37378,100,50,50,125,-90,0,0,90,117,122,forward
15:16:14,-6.7330937,107.37378,100,50,50,250,-90,0,0,90,112,122,forward
15:16:17,-6.7330937,107.37378,100,50,50,350,-90,0,0,90,108,122,forward
15:16:19,-6.7330937,107.37378,100,50,50,425,-90,0,0,90,105,122,forward
15:16:21,-6.7330937,107.37378,100,50,50,500,-90,0,0,90,99,122,forward
15:16:23,-6.7330937,107.37378,100,50,50,500,-90,0,0,90,95,122,forward
15:16:25,-6.7330937,107.37378,100,50,50,500,-90,0,0,90,89,122,forward
15:16:27,-6.7330937,107.37378,100,50,50,500,-90,0,0,90,83,122,forward
15:16:29,-6.7330937,107.37378,100,50,50,500,-90,0,0,90,81,122,forward
15:16:31,-6.7330937,107.37378,1,50,50,500,121,0,0,90,83,122,forward
15:16:33,-6.7330937,107.37378,7,50,50,500,71,0,0,90,83,122,forward
15:16:35,-6.7330937,107.37378,5,50,50,500,71,0,0,90,83,122,forward
15:16:37,-6.7330937,107.37378,5,50,50,500,71,0,0,90,83,122,forward
15:16:39,-6.7330937,107.37378,0,50,50,500,71,0,0,90,82,122,forward
15:16:41,-6.7330937,107.37378,38,50,50,500,71,0,0,90,81,122,forward
15:16:44,-6.7330937,107.37378,38,50,50,500,71,0,0,90,66,122,sway
15:16:46,-6.7330937,107.37378,38,50,50,500,71,0,0,90,56,56,free
15:16:48,-6.7330937,107.37378,38,50,50,500,71,0,0,90,47,47,free
15:16:50,-6.7330937,107.37378,100,50,50,0,-135,-45,45,135,39,39,free
15:16:52,-6.7330937,107.37378,100,50,50,0,-135,-45,45,135,31,31,free
15:16:54,-6.7330937,107.37378,100,50,50,0,-135,-45,45,135,24,24,free
15:16:56,-6.7330937,107.37378,162,50,50,0,-135,-45,45,135,18,18,free
15:16:58,-6.7330937,107.37378,100,50,50,0,-135,-45,45,135,15,15,free
15:17:00,-6.7330937,107.37378,100,50,50,0,-135,-45,45,135,14,14,free
15:17:02,-6.7330937,107.37378,100,50,50,0,-135,-45,45,135,15,15,free
15:17:04,-6.7330937,107.37378,100,50,50,0,-135,-45,45,135,14,14,free
15:17:06,-6.7330937,107.37378,112,50,50,13,-90,0,0,90,15,14,forward
15:17:09,-6.7330937,107.37378,100,65,68,0,-90,0,0,90,14,14,forward
15:17:11,-6.7330937,107.37378,100,100,110,25,-90,0,0,90,13,14,forward
15:17:13,-6.7330937,107.37378,162,90,98,0,-90,0,0,90,19,14,forward
15:17:15,-6.7330937,107.37378,300,70,74,0,-90,0,0,90,31,16,forward
15:17:17,-6.7330937,107.37378,350,50,50,0,-90,0,0,90,57,26,forward
15:17:19,-6.7330937,107.37378,350,50,50,0,-90,0,0,90,92,16,forward
15:17:21,-6.7330937,107.37378,350,50,50,0,-90,0,0,90,128,16,forward
15:17:23,-6.7330937,107.37378,350,50,50,0,-90,0,0,90,161,16,forward
15:17:25,-6.7330937,107.37378,350,50,50,0,-90,0,0,90,189,16,forward
15:17:27,-6.7330937,107.37378,350,50,50,500,-90,0,0,90,214,16,forward
15:17:29,-6.7330937,107.37378,350,50,50,500,-90,0,0,90,241,16,forward
15:17:31,-6.7330937,107.37378,350,50,50,500,-90,0,0,90,272,16,forward
15:17:33,-6.7330937,107.37378,350,50,50,500,-90,0,0,90,304,16,forward
15:17:36,-6.7330937,107.37378,350,50,50,500,-90,0,0,90,353,16,forward
15:17:38,-6.7330937,107.37378,350,50,50,0,-90,0,0,90,40,16,forward
15:17:40,-6.7330937,107.37378,350,50,50,0,-90,0,0,90,61,16,forward
15:17:42,-6.7330937,107.37378,350,50,50,0,-90,0,0,90,94,16,forward
15:17:44,-6.7330937,107.37378,175,50,50,0,-90,0,0,90,128,119,forward
15:17:46,-6.7330937,107.37378,175,50,50,0,-90,0,0,90,151,119,backward
15:17:48,-6.7330937,107.37378,175,50,50,0,-90,0,0,90,165,165,free
15:17:50,-6.7330937,107.37378,175,50,50,0,-90,0,0,90,174,165,forward
15:17:52,-6.7330937,107.37378,288,50,50,0,-90,0,0,90,180,165,forward
15:17:54,-6.7330937,107.37378,350,50,50,0,-90,0,0,90,187,165,forward
15:17:56,-6.7330937,107.37378,350,50,50,0,-90,0,0,90,201,165,forward
15:17:58,-6.7330937,107.37378,350,50,50,0,-90,0,0,90,219,165,forward
15:18:00,-6.7330937,107.37378,350,50,50,0,-90,0,0,90,240,165,forward
15:18:02,-6.7330937,107.37378,350,50,50,0,-90,0,0,90,263,165,forward
15:18:04,-6.7330937,107.37378,350,50,50,0,-90,0,0,90,291,165,backward
15:18:07,-6.7330937,107.37378,350,50,50,0,-90,0,0,90,306,165,sway
15:18:09,-6.7330937,107.37378,100,50,50,0,-135,-45,45,135,315,315,free
15:18:11,-6.7330937,107.37378,250,50,50,0,-90,0,0,90,327,315,forward
15:18:13,-6.7330937,107.37378,262,50,50,0,-90,0,0,90,343,343,forward
15:18:15,-6.7330937,107.37378,262,50,50,0,-90,0,0,90,12,12,forward
15:18:17,-6.7330937,107.37378,100,50,50,0,-90,0,0,90,39,39,forward
15:18:19,-6.7330937,107.37378,100,50,50,0,-130,0,0,90,60,60,forward
15:18:21,-6.7330937,107.37378,100,50,50,0,-45,0,0,90,72,72,forward
15:18:23,-6.7330937,107.37378,138,50,50,0,-90,0,0,90,82,82,forward
15:18:25,-6.7330937,107.37378,200,50,50,0,-90,0,0,90,92,92,forward
15:18:27,-6.7330937,107.37378,188,50,50,0,-90,0,0,90,108,108,forward
15:18:29,-6.7330937,107.37378,100,50,50,0,-90,0,0,90,126,126,forward
15:18:32,-6.7330937,107.37378,0,50,50,0,117,0,0,90,137,137,forward
15:18:34,-6.7330937,107.37378,52,50,50,0,53,0,0,90,143,143,forward
15:18:36,-6.7330937,107.37378,75,50,50,0,53,0,0,90,149,149,forward
15:18:38,-6.7330937,107.37378,75,50,50,0,53,0,0,90,148,148,forward
15:18:40,-6.7330937,107.37378,0,50,50,0,53,0,0,90,146,146,forward
15:18:42,-6.7330937,107.37378,0,50,50,0,53,0,0,90,145,145,forward
15:18:44,-6.7330937,107.37378,100,50,50,0,-90,0,0,90,144,144,forward
15:18:46,-6.7330937,107.37378,100,50,50,0,-90,0,0,90,145,145,forward
15:18:48,-6.7330937,107.37378,100,50,50,0,-90,0,0,90,146,146,forward
15:18:50,-6.7330937,107.37378,100,50,50,0,-90,0,0,90,146,146,forward
15:18:52,-6.7330937,107.37378,100,50,50,0,-90,0,0,90,148,148,forward
15:18:54,-6.7330937,107.37378,100,50,50,0,-90,0,0,90,149,149,forward
15:18:56,-6.7330937,107.37378,100,50,50,0,-90,0,0,90,149,149,forward
15:18:59,-6.7330937,107.37378,100,50,50,0,-90,0,0,90,146,146,forward
15:19:01,-6.7330937,107.37378,100,50,50,0,-90,0,0,90,143,143,forward
15:19:03,-6.7330937,107.37378,100,50,50,0,-90,0,0,90,142,142,forward
15:19:05,-6.7330937,107.37378,100,50,50,0,-90,0,0,90,141,141,forward
15:19:07,-6.7330937,107.37378,100,50,50,0,-90,0,0,90,140,140,forward
15:19:09,-6.7330937,107.37378,100,50,50,200,-90,0,0,90,141,141,forward
15:19:11,-6.7330937,107.37378,100,50,50,200,-90,0,0,90,147,147,forward
15:19:13,-6.7330937,107.37378,100,50,50,0,-90,0,0,90,156,156,forward
15:19:15,-6.7330937,107.37378,112,50,50,0,-90,0,0,90,162,162,forward
15:19:17,-6.7330937,107.37378,188,50,50,0,-90,0,0,90,167,167,forward
15:19:19,-6.7330937,107.37378,250,50,50,0,-90,0,0,90,174,174,forward
15:19:22,-6.7330937,107.37378,100,50,50,0,-90,0,0,90,186,186,forward
15:19:24,-6.7330937,107.37378,100,50,50,0,-90,0,0,90,192,192,forward
15:19:26,-6.7330937,107.37378,100,50,50,0,-90,0,0,90,197,197,forward
15:19:28,-6.7330937,107.37378,0,50,50,0,74,0,0,90,200,200,forward
15:19:30,-6.7330937,107.37378,0,50,50,0,77,0,0,90,203,203,forward
15:19:32,-6.7330937,107.37378,45,50,50,0,77,0,0,90,205,205,forward
15:19:34,-6.7330937,107.37378,75,50,50,0,77,0,0,90,205,205,forward
15:19:36,-6.7330937,107.37378,75,50,50,0,77,0,0,90,201,201,forward
15:19:38,-6.7330937,107.37378,0,50,50,0,77,0,0,90,194,194,forward
15:19:40,-6.7330937,107.37378,100,50,50,0,-90,0,0,90,189,189,forward
15:19:42,-6.7330937,107.37378,100,50,50,0,-90,0,0,90,185,185,forward
15:19:44,-6.7330937,107.37378,100,50,50,0,-90,0,0,90,183,183,forward
15:19:47,-6.7330937,107.37378,100,50,50,0,-90,0,0,90,181,181,forward
15:19:49,-6.7330937,107.37378,100,50,50,0,-90,0,0,90,180,180,forward
15:19:51,-6.7330937,107.37378,100,50,50,0,-90,0,0,90,180,180,forward
15:19:53,-6.7330937,107.37378,100,50,50,0,-90,0,0,90,182,182,forward
15:19:55,-6.7330937,107.37378,100,50,50,0,-90,0,0,90,184,184,forward
15:19:57,-6.7330937,107.37378,100,50,50,0,-90,0,0,90,186,186,forward
15:19:59,-6.7330937,107.37378,100,50,50,0,-90,0,0,90,188,188,forward
15:20:01,-6.7330937,107.37378,100,50,50,0,-90,0,0,90,190,190,forward
15:20:03,-6.7330937,107.37378,100,50,50,0,-90,0,0,90,192,192,forward
15:20:05,-6.7330937,107.37378,100,50,50,0,-90,0,0,90,193,193,forward
15:20:07,-6.7330937,107.37378,100,50,50,0,-90,0,0,90,195,195,forward
15:20:09,-6.7330937,107.37378,100,50,50,0,-90,0,0,90,197,197,forward
15:20:12,-6.7330937,107.37378,100,50,50,0,-90,0,0,90,198,198,forward
15:20:14,-6.7330937,107.37378,100,50,50,0,-90,0,0,90,200,200,forward
15:20:16,-6.7330937,107.37378,100,50,50,0,-90,0,0,90,202,202,forward
15:20:18,-6.7330937,107.37378,100,50,50,0,-90,0,0,90,203,203,forward
15:20:20,-6.7330937,107.37378,100,50,50,0,-90,0,0,90,205,205,forward
15:20:22,-6.7330937,107.37378,100,50,50,0,-90,0,0,90,206,206,forward
15:20:24,-6.7330937,107.37378,100,50,50,0,-90,0,0,90,208,208,forward
15:20:26,-6.7330937,107.37378,100,50,50,0,-90,0,0,90,208,208,forward
15:20:28,-6.7330937,107.37378,100,50,50,0,-90,0,0,90,209,209,forward
15:20:30,-6.7330937,107.37378,100,50,50,0,-90,0,0,90,210,210,forward
15:20:32,-6.7330937,107.37378,100,50,50,0,-90,0,0,90,210,210,forward
15:20:35,-6.7330937,107.37378,100,50,50,0,-90,0,0,90,211,211,forward
15:20:37,-6.7330937,107.37378,100,50,50,0,-90,0,0,90,212,212,forward
15:20:39,-6.7330937,107.37378,100,50,50,0,-90,0,0,90,212,212,forward
15:20:41,-6.7330937,107.37378,100,50,50,0,-90,0,0,90,212,212,forward
15:20:43,-6.7330937,107.37378,100,50,50,0,-90,0,0,90,213,213,forward
15:20:45,-6.7330937,107.37378,100,50,50,0,-90,0,0,90,214,214,forward
15:20:47,-6.7330937,107.37378,100,50,50,0,-90,0,0,90,215,215,forward
15:20:49,-6.7330937,107.37378,100,50,50,0,-90,0,0,90,215,215,forward
15:20:51,-6.7330937,107.37378,100,50,50,0,-90,0,0,90,216,216,forward
15:20:53,-6.7330937,107.37378,100,50,50,0,-90,0,0,90,217,217,forward
15:20:55,-6.7330937,107.37378,100,50,50,0,-90,0,0,90,218,218,forward
15:20:57,-6.7330937,107.37378,100,50,50,0,-90,0,0,90,219,219,forward
15:20:59,-6.7330937,107.37378,100,50,50,0,-90,0,0,90,220,220,forward
15:21:02,-6.7330937,107.37378,100,50,50,0,-90,0,0,90,221,221,forward
15:21:04,-6.7330937,107.37378,100,50,50,0,-90,0,0,90,222,222,forward
15:21:06,-6.7330937,107.37378,100,50,50,0,-90,0,0,90,223,223,forward
15:21:08,-6.7330937,107.37378,100,50,50,0,-90,0,0,90,224,224,forward
15:21:10,-6.7330937,107.37378,100,50,50,0,-90,0,0,90,225,225,forward
15:21:12,-6.7330937,107.37378,100,50,50,0,-90,0,0,90,226,226,forward
15:21:14,-6.7330937,107.37378,100,50,0,0,-90,0,-90,90,227,227,forward
15:21:16,-6.7330937,107.37378,100,50,0,0,-90,0,-90,90,228,228,forward
15:21:18,-6.7330937,107.37378,100,50,0,0,-90,0,-90,90,229,229,forward
15:21:20,-6.7330937,107.37378,150,50,0,0,-90,0,-90,90,229,229,forward
15:21:22,-6.7330937,107.37378,200,50,0,0,-90,0,-90,90,231,231,forward
15:21:25,-6.7330937,107.37378,200,50,0,0,-90,0,-90,90,240,240,forward
15:21:27,-6.7330937,107.37378,100,50,0,0,-90,0,-90,90,249,249,forward
15:21:29,-6.7330937,107.37378,0,50,0,0,9,0,-90,90,255,255,forward
15:21:31,-6.7330937,107.37378,0,50,0,0,82,0,-90,90,260,260,forward
15:21:33,-6.7330937,107.37378,0,50,0,0,82,0,-90,90,264,264,forward
15:21:35,-6.7330937,107.37378,0,50,0,0,82,0,-90,90,267,267,forward
15:21:37,-6.7331433,107.37379,0,50,0,0,82,0,-90,90,269,269,forward
15:21:39,-6.7331438,107.37379,0,50,0,0,82,0,-90,90,272,272,forward
15:21:41,-6.7331438,107.37379,0,50,0,0,82,0,-90,90,274,274,forward
15:21:43,-6.7331438,107.37379,0,50,0,0,82,0,-90,90,277,277,forward
15:21:45,-6.7331443,107.37379,0,50,0,0,82,0,-90,90,279,279,forward
15:21:47,-6.7331448,107.37379,0,50,0,0,82,0,-90,90,281,281,forward
15:21:49,-6.7331448,107.37379,0,50,0,0,82,0,-90,90,283,283,forward
15:21:51,-6.7331452,107.37379,0,50,0,0,82,0,-90,90,286,286,forward
15:21:53,-6.7331452,107.37379,0,50,0,0,82,0,-90,90,287,287,forward
15:21:55,-6.7331452,107.37379,0,50,0,0,82,0,-90,90,288,288,forward
15:21:57,-6.7331457,107.37379,0,50,0,0,82,0,-90,90,290,290,forward
15:21:59,-6.7331457,107.37379,0,50,0,0,82,0,-90,90,291,291,forward
15:22:01,-6.7331462,107.37379,0,50,0,0,82,0,-90,90,293,293,forward
15:22:03,-6.7331462,107.37379,0,50,0,0,82,0,-90,90,296,296,forward
15:22:05,-6.7331457,107.37379,0,50,0,0,82,0,-90,90,298,298,forward
15:22:08,-6.7331457,107.37379,0,50,0,0,82,0,-90,90,299,299,forward
15:22:10,-6.7331457,107.37379,0,50,0,0,82,0,-90,90,303,303,forward
15:22:12,-6.7331457,107.37379,0,50,0,0,82,0,-90,90,305,305,forward
15:22:14,-6.7331452,107.37379,0,50,0,0,82,0,-90,90,308,308,forward
15:22:16,-6.7331452,107.37378,0,50,0,0,82,0,-90,90,310,310,forward
15:22:18,-6.7331452,107.37378,0,50,0,0,82,0,-90,90,313,313,forward
15:22:20,-6.7331448,107.37378,0,50,0,0,82,0,-90,90,315,315,forward
15:22:22,-6.7331448,107.37378,0,50,0,0,82,0,-90,90,317,317,forward
15:22:24,-6.7331448,107.37378,0,50,0,0,82,0,-90,90,319,319,forward
15:22:26,-6.7331438,107.37378,0,50,0,0,82,0,-90,90,319,319,forward
15:22:28,-6.7331438,107.37378,0,50,0,0,82,0,-90,90,322,322,forward
15:22:30,-6.7331433,107.37378,0,50,0,0,82,0,-90,90,323,323,forward
15:22:32,-6.7331433,107.37378,0,50,0,0,82,0,-90,90,324,324,forward
15:22:34,-6.7331429,107.37378,0,50,0,0,82,0,-90,90,325,325,forward
15:22:36,-6.7331429,107.37378,0,50,0,0,82,0,-90,90,328,328,forward
15:22:38,-6.7331424,107.37378,0,50,0,0,82,0,-90,90,329,329,forward
15:22:40,-6.7331424,107.37378,0,50,0,0,82,0,-90,90,330,330,forward
15:22:42,-6.7331424,107.37378,0,50,0,0,82,0,-90,90,331,331,forward
15:22:44,-6.7331424,107.37378,0,50,0,0,82,0,-90,90,333,333,forward
15:22:47,-6.7331424,107.37378,0,50,0,0,82,0,-90,90,334,334,forward
15:22:49,-6.7331429,107.37378,0,50,0,0,82,0,-90,90,334,334,forward
15:22:51,-6.7331429,107.37378,0,50,0,0,82,0,-90,90,335,335,forward
15:22:53,-6.7331429,107.37378,0,50,0,0,82,0,-90,90,337,337,forward
15:22:55,-6.7331429,107.37378,0,50,0,0,82,0,-90,90,339,339,forward
15:22:57,-6.7331429,107.37378,0,50,0,0,82,0,-90,90,339,339,forward
15:22:59,-6.7331429,107.37378,0,50,0,0,82,0,-90,90,341,341,forward
15:23:01,-6.7331429,107.37378,0,50,0,0,82,0,-90,90,342,342,forward
15:23:03,-6.7331429,107.37378,0,50,0,0,82,0,-90,90,343,343,forward
15:23:05,-6.7331429,107.37378,0,50,0,0,82,0,-90,90,343,343,forward
15:23:07,-6.7331429,107.37378,0,50,0,0,82,0,-90,90,345,345,forward
15:23:09,-6.7331433,107.37378,0,50,0,0,82,0,-90,90,346,346,forward
15:23:11,-6.7331433,107.37378,0,50,0,0,82,0,-90,90,347,347,forward
15:23:13,-6.7331433,107.37378,0,50,0,0,82,0,-90,90,348,348,forward
15:23:16,-6.7331433,107.37378,0,50,0,0,82,0,-90,90,348,348,forward
15:23:18,-6.7331433,107.37378,0,50,0,0,82,0,-90,90,349,349,forward
15:23:20,-6.7331433,107.37378,0,50,0,0,82,0,-90,90,349,349,forward
15:23:22,-6.7331429,107.37378,0,50,0,0,82,0,-90,90,349,349,forward
15:23:24,-6.7331429,107.37378,0,50,0,0,82,0,-90,90,351,351,forward
15:23:26,-6.7331429,107.37378,0,50,0,0,82,0,-90,90,351,351,forward
15:23:28,-6.7331429,107.37378,0,50,0,0,82,0,-90,90,351,351,forward
15:23:30,-6.7331429,107.37378,0,50,0,0,82,0,-90,90,352,352,forward
15:23:32,-6.7331424,107.37378,0,50,0,0,82,0,-90,90,352,352,forward
15:23:34,-6.7331424,107.37377,0,50,0,0,82,0,-90,90,355,355,forward
15:23:36,-6.7331424,107.37377,0,50,0,0,82,0,-90,90,355,355,forward
15:23:38,-6.7331419,107.37377,0,50,0,0,82,0,-90,90,355,355,forward
15:23:40,-6.7331419,107.37377,0,50,0,0,82,0,-90,90,358,358,forward
15:23:42,-6.7331419,107.37377,0,50,0,0,82,0,-90,90,358,358,forward
15:23:44,-6.7331414,107.37377,0,50,0,0,82,0,-90,90,0,0,forward
15:23:46,-6.7331414,107.37377,0,50,0,0,82,0,-90,90,0,0,forward
15:23:48,-6.7331409,107.37377,0,50,0,0,82,0,-90,90,0,0,forward
15:23:50,-6.7331409,107.37377,0,50,0,0,82,0,-90,90,2,2,forward
15:23:52,-6.7331409,107.37377,0,50,0,0,82,0,-90,90,3,3,forward
15:23:55,-6.7331409,107.37377,0,50,0,0,82,0,-90,90,3,3,forward
15:23:57,-6.7331405,107.37377,0,50,0,0,82,0,-90,90,4,4,forward
15:23:59,-6.7331405,107.37377,0,50,0,0,82,0,-90,90,7,7,forward
15:24:01,-6.73314,107.37377,0,50,0,0,82,0,-90,90,6,6,forward
15:24:03,-6.73314,107.37377,0,50,0,0,82,0,-90,90,7,7,forward
15:24:05,-6.73314,107.37377,0,50,0,0,82,0,-90,90,8,8,forward
15:24:07,-6.73314,107.37377,0,50,0,0,82,0,-90,90,10,10,forward
15:24:09,-6.7331395,107.37377,0,50,0,0,82,0,-90,90,10,10,forward
15:24:11,-6.733139,107.37377,0,50,0,0,82,0,-90,90,11,11,forward
15:24:13,-6.733139,107.37377,0,50,0,0,82,0,-90,90,13,13,forward
15:24:15,-6.7331386,107.37377,0,50,0,0,82,0,-90,90,15,15,forward
15:24:17,-6.7331381,107.37377,0,50,0,0,82,0,-90,90,14,14,forward
15:24:19,-6.7331376,107.37377,0,50,0,0,82,0,-90,90,14,14,forward
15:24:21,-6.7331371,107.37377,0,50,0,0,82,0,-90,90,15,15,forward
15:24:23,-6.7331367,107.37377,0,50,0,0,82,0,-90,90,14,14,forward
15:24:25,-6.7331362,107.37377,0,50,0,0,82,0,-90,90,14,14,forward
15:24:27,-6.7331362,107.37377,0,50,0,0,82,0,-90,90,15,15,forward
15:24:29,-6.7331362,107.37377,0,50,0,0,82,0,-90,90,15,15,forward
15:24:31,-6.7331357,107.37377,0,50,0,0,82,0,-90,90,15,15,forward
15:24:33,-6.7331352,107.37377,0,50,0,0,82,0,-90,90,16,16,forward
15:24:35,-6.7331352,107.37377,0,50,0,0,82,0,-90,90,16,16,forward
15:24:38,-6.7331352,107.37377,0,50,0,0,82,0,-90,90,17,17,forward
15:24:40,-6.7331347,107.37377,0,50,0,0,82,0,-90,90,15,15,forward
15:24:42,-6.7331347,107.37377,0,50,0,0,82,0,-90,90,16,16,forward
15:24:44,-6.7331343,107.37377,0,50,0,0,82,0,-90,90,16,16,forward
15:24:46,-6.7331347,107.37377,0,50,0,0,82,0,-90,90,15,15,forward
15:24:48,-6.7331347,107.37377,0,50,0,0,82,0,-90,90,15,15,forward
15:24:50,-6.7331347,107.37377,0,50,0,0,82,0,-90,90,14,14,forward
15:24:52,-6.7331347,107.37377,0,50,0,0,82,0,-90,90,14,14,forward
15:24:54,-6.7331347,107.37377,0,50,0,0,82,0,-90,90,15,15,forward
15:24:56,-6.7331347,107.37377,0,50,0,0,82,0,-90,90,15,15,forward
15:24:58,-6.7331347,107.37377,0,50,0,0,82,0,-90,90,14,14,forward
15:25:00,-6.7331343,107.37377,0,50,0,0,82,0,-90,90,14,14,forward
15:25:02,-6.7331343,107.37377,0,50,0,0,82,0,-90,90,14,14,forward
15:25:04,-6.7331347,107.37377,0,50,0,0,82,0,-90,90,14,14,forward
15:25:06,-6.7331347,107.37377,0,50,0,0,82,0,-90,90,13,13,forward
15:25:08,-6.7331347,107.37377,0,50,0,0,82,0,-90,90,15,15,forward
15:25:10,-6.7331343,107.37377,0,50,0,0,82,0,-90,90,15,15,forward
15:25:12,-6.7331343,107.37377,0,50,0,0,82,0,-90,90,14,14,forward
15:25:15,-6.7331343,107.37377,0,50,0,0,82,0,-90,90,15,15,forward
15:25:17,-6.7331343,107.37377,0,50,0,0,82,0,-90,90,14,14,forward
15:25:19,-6.7331343,107.37377,0,50,0,0,82,0,-90,90,15,15,forward
15:25:21,-6.7331343,107.37377,0,50,50,0,82,0,82,90,16,16,forward
15:25:23,-6.7331343,107.37377,0,50,50,0,82,0,82,90,14,14,forward
15:25:25,-6.7331347,107.37377,0,50,50,0,82,0,38,90,11,11,forward
15:25:27,-6.7331343,107.37377,0,50,50,0,82,0,38,90,10,10,forward
15:25:29,-6.7331343,107.37377,0,50,50,0,82,0,38,90,8,8,forward
15:25:31,-6.7331343,107.37377,0,50,50,25,82,0,38,90,7,9,forward
15:25:33,-6.7331338,107.37377,41,50,50,250,82,0,38,90,13,24,forward
15:25:35,-6.7331333,107.37377,137,50,50,100,82,0,38,90,29,33,forward
15:25:37,-6.7331338,107.37377,15,50,50,175,82,0,38,90,26,33,forward
15:25:39,-6.7331343,107.37377,0,50,50,500,82,0,38,90,25,47,forward
15:25:41,-6.7331343,107.37377,150,50,50,400,82,0,38,90,51,68,forward
15:25:43,-6.7331352,107.37378,145,50,50,400,82,0,38,90,67,83,forward
15:25:45,-6.7331367,107.37378,74,50,50,325,82,0,38,90,73,87,forward
15:25:47,-6.7331381,107.37378,129,50,50,300,82,0,38,90,85,97,forward
15:25:49,-6.7331395,107.37378,93,75,80,225,82,0,38,90,88,97,forward
15:25:51,-6.73314,107.37378,1,85,92,250,82,0,38,90,87,97,forward
15:25:53,-6.7331405,107.37378,53,85,92,375,82,0,38,90,94,109,forward
15:25:55,-6.7331429,107.37378,98,85,92,425,82,0,38,90,111,129,forward
15:25:57,-6.7331429,107.37378,142,85,92,500,82,0,38,90,122,149,forward
15:25:59,-6.7331481,107.37378,91,85,92,500,82,0,38,90,131,169,forward
15:26:01,-6.7331495,107.37378,104,85,92,500,82,0,38,90,143,186,forward
15:26:04,-6.7331538,107.37378,115,135,152,500,82,0,38,90,152,186,forward
15:26:06,-6.7331548,107.37378,71,50,50,500,82,0,38,90,157,186,forward
15:26:08,-6.7331581,107.37378,130,50,50,375,82,0,38,90,171,186,forward
15:26:10,-6.7331595,107.37378,114,50,50,75,82,0,38,90,183,186,forward
15:26:12,-6.7331595,107.37378,36,55,56,75,82,0,38,90,183,186,forward
15:26:14,-6.73316,107.37378,0,110,122,175,82,0,38,90,179,186,forward
15:26:16,-6.7331619,107.37378,0,50,50,450,82,0,38,90,168,186,forward
15:26:18,-6.7331638,107.37378,100,300,232,0,-179,-90,90,179,162,186,backward
15:26:20,-6.7331657,107.37378,100,50,50,0,-135,-45,45,135,159,186,cross
15:26:22,-6.7331662,107.37379,100,50,50,0,-135,-45,45,135,160,160,cross
15:26:24,-6.7331662,107.37379,100,50,50,0,-135,-45,45,135,155,155,cross
15:26:26,-6.7331662,107.37379,100,50,50,0,-135,-45,45,135,156,156,cross
15:26:28,-6.7331662,107.37379,100,50,50,0,-135,-45,45,135,149,149,cross
15:26:30,-6.7331667,107.37379,100,50,50,0,-135,-45,45,135,142,142,cross
15:26:32,-6.7331667,107.37379,100,50,50,0,-135,-45,45,135,142,142,cross
15:26:34,-6.7331672,107.37379,100,50,50,0,-135,-45,45,135,141,141,cross
15:26:36,-6.7331672,107.37379,100,50,50,0,-135,-45,45,135,142,142,cross
15:26:38,-6.7331676,107.37379,100,50,50,0,-135,-45,45,135,133,133,cross
15:26:40,-6.7331681,107.37379,100,50,50,0,-135,-45,45,135,125,125,cross
15:26:42,-6.7331686,107.37379,100,50,50,0,-135,-45,45,135,126,126,cross
15:26:44,-6.7331691,107.37379,100,50,50,0,-135,-45,45,135,115,115,cross
15:26:46,-6.7331686,107.37379,100,50,50,0,-135,-45,45,135,124,124,cross
15:26:48,-6.733171,107.37379,100,50,50,0,-135,-45,45,135,142,142,cross
15:26:50,-6.7331738,107.37379,100,50,50,0,-135,-45,45,135,133,133,cross
15:26:52,-6.7331734,107.37379,100,50,50,0,-135,-45,45,135,130,130,cross
15:26:54,-6.7331734,107.37379,100,50,50,0,-135,-45,45,135,127,127,cross
15:26:56,-6.7331734,107.37379,100,50,50,0,-135,-45,45,135,129,129,cross
15:26:58,-6.7331734,107.37379,100,50,50,0,-135,-45,45,135,128,128,cross
15:27:00,-6.7331734,107.37379,100,50,50,0,-135,-45,45,135,129,129,cross
15:27:02,-6.7331734,107.37379,100,50,50,0,-135,-45,45,135,130,130,cross
15:27:05,-6.7331734,107.37379,100,50,50,0,-135,-45,45,135,129,129,cross
15:27:07,-6.7331734,107.37379,100,50,50,0,-135,-45,45,135,128,128,cross
15:27:09,-6.7331734,107.37379,100,50,50,0,-135,-45,45,135,128,128,cross
15:27:11,-6.7331734,107.37379,100,50,50,0,-135,-45,45,135,128,128,cross
15:27:13,-6.7331734,107.37379,100,50,50,0,-135,-45,45,135,128,128,cross
15:27:15,-6.7331734,107.37379,100,50,50,0,-135,-45,45,135,128,128,cross
15:27:17,-6.7331734,107.37379,100,50,50,0,-135,-45,45,135,129,129,cross
15:27:19,-6.7331734,107.37379,100,50,50,0,-135,-45,45,135,128,128,cross
15:27:21,-6.7331734,107.37379,100,50,50,0,-135,-45,45,135,128,128,cross
15:27:23,-6.7331734,107.37379,100,50,50,0,-135,-45,45,135,128,128,cross
15:27:25,-6.7331734,107.37379,100,50,50,0,-135,-45,45,135,128,128,cross
15:27:27,-6.7331734,107.37379,100,50,50,0,-135,-45,45,135,127,127,cross
15:27:29,-6.7331734,107.37379,100,50,50,0,-135,-45,45,135,127,127,cross
15:27:31,-6.7331734,107.37379,100,50,50,0,-135,-45,45,135,126,126,cross
15:27:33,-6.7331734,107.37379,100,50,50,0,-135,-45,45,135,126,126,cross
15:27:35,-6.7331753,107.37379,100,50,50,0,-135,-45,45,135,122,122,cross
15:27:38,-6.733182,107.37379,100,50,50,0,-135,-45,45,135,142,142,cross
15:27:40,-6.7331915,107.3738,100,50,50,0,-135,-45,45,135,144,144,cross
15:27:42,-6.7331967,107.37381,100,50,50,0,-135,-45,45,135,152,152,cross
15:27:44,-6.7332129,107.37382,100,50,50,0,-135,-45,45,135,177,177,cross
15:27:46,-6.7332172,107.37383,100,50,50,0,-135,-45,45,135,188,188,cross
15:27:48,-6.7332282,107.37383,100,50,50,0,-135,-45,45,135,198,198,cross
15:27:50,-6.733233,107.37383,100,50,50,0,-135,-45,45,135,218,218,cross
15:27:52,-6.7332397,107.37383,100,50,50,0,-135,-45,45,135,237,237,cross
15:27:54,-6.7332382,107.37383,100,50,50,0,-135,-45,45,135,227,227,cross
15:27:56,-6.7332368,107.37383,100,50,50,0,-135,-45,45,135,217,217,cross
15:27:58,-6.7332349,107.37383,100,50,50,0,-135,-45,45,135,218,218,cross
15:28:00,-6.7332354,107.37383,100,50,50,0,-135,-45,45,135,219,219,cross
15:28:02,-6.7332344,107.37383,100,50,50,0,-135,-45,45,135,219,219,cross
15:28:04,-6.7332344,107.37383,100,50,50,0,-135,-45,45,135,219,219,cross
15:28:06,-6.7332349,107.37383,100,50,50,0,-135,-45,45,135,219,219,cross
15:28:08,-6.7332344,107.37383,100,50,50,0,-135,-45,45,135,218,218,cross
15:28:10,-6.7332349,107.37383,100,50,50,0,-135,-45,45,135,221,221,cross
15:28:12,-6.7332349,107.37383,100,50,50,0,-135,-45,45,135,220,220,cross
15:28:14,-6.7332349,107.37383,100,50,50,0,-135,-45,45,135,221,221,cross
15:28:16,-6.7332344,107.37383,100,50,50,0,-135,-45,45,135,218,218,cross
15:28:18,-6.7332339,107.37383,100,50,50,0,-135,-45,45,135,217,217,cross
15:28:20,-6.7332339,107.37383,100,50,50,0,-135,-45,45,135,217,217,cross
15:28:23,-6.7332339,107.37383,100,50,50,0,-135,-45,45,135,217,217,cross
15:28:25,-6.7332339,107.37383,100,50,50,0,-135,-45,45,135,217,217,cross
15:28:27,-6.7332339,107.37383,100,50,50,0,-135,-45,45,135,218,218,cross
15:28:29,-6.7332339,107.37383,100,50,50,0,-135,-45,45,135,218,218,cross
15:28:31,-6.7332339,107.37383,100,50,50,0,-135,-45,45,135,218,218,cross
15:28:33,-6.7332339,107.37383,100,50,50,0,-135,-45,45,135,219,219,cross
15:28:35,-6.7332339,107.37383,100,50,50,0,-135,-45,45,135,212,212,cross
15:28:37,-6.7332306,107.37383,100,50,50,0,-135,-45,45,135,204,204,cross
15:28:39,-6.733223,107.37383,100,50,50,0,-135,-45,45,135,183,183,cross
15:28:41,-6.7332182,107.37383,100,50,50,0,-135,-45,45,135,170,170,cross
15:28:43,-6.7332058,107.37381,100,50,50,0,-135,-45,45,135,161,161,cross
15:28:45,-6.7332029,107.3738,100,50,50,0,-135,-45,45,135,162,162,cross
15:28:47,-6.7332025,107.3738,100,50,50,0,-135,-45,45,135,160,160,cross
15:28:49,-6.7332025,107.3738,100,50,50,0,-135,-45,45,135,160,160,cross
15:28:52,-6.7332025,107.3738,100,50,50,0,-135,-45,45,135,160,160,cross
15:28:54,-6.7332025,107.3738,100,50,50,0,-135,-45,45,135,160,160,cross
15:28:56,-6.7332025,107.3738,100,50,50,0,-90,-45,45,135,160,160,cross
15:28:58,-6.7332025,107.3738,100,50,50,0,-45,-45,45,135,161,161,cross
15:29:00,-6.7332025,107.3738,0,50,50,0,45,-45,45,135,161,161,cross
15:29:02,-6.7332025,107.3738,0,50,50,0,45,-45,45,135,161,161,cross
15:29:04,-6.7332025,107.3738,175,50,50,0,-90,-45,45,135,160,160,cross
15:29:06,-6.7332025,107.3738,350,50,50,0,-90,-45,45,135,161,161,cross
15:29:08,-6.7332025,107.3738,138,50,50,0,-90,-45,45,135,160,160,cross
15:29:10,-6.7332025,107.3738,100,50,50,0,-90,-45,45,135,161,161,cross
15:29:12,-6.7332025,107.3738,100,50,50,0,-90,-45,45,135,160,160,cross
15:29:14,-6.7332025,107.3738,100,50,50,0,-90,-45,45,135,160,160,cross
15:29:16,-6.7332025,107.3738,100,50,50,0,-90,-45,45,135,160,160,cross
15:29:18,-6.7332025,107.3738,100,50,50,0,-90,-45,45,135,161,161,cross
15:29:21,-6.7332025,107.3738,100,50,50,0,-90,-45,45,135,161,161,cross
15:29:23,-6.7332025,107.3738,100,50,50,0,-90,-45,45,135,162,162,cross
15:29:25,-6.7332025,107.3738,100,50,50,0,-90,-45,45,135,162,162,cross
15:29:27,-6.7332025,107.3738,100,50,50,0,-90,-45,45,135,161,161,cross
15:29:29,-6.7332025,107.3738,100,50,50,0,-90,-45,45,135,161,161,cross
15:29:31,-6.7332025,107.3738,100,50,50,0,-90,-45,45,135,161,161,cross
15:29:33,-6.7332025,107.3738,100,50,50,0,-90,-45,45,135,161,161,cross
15:29:35,-6.7332025,107.3738,100,50,50,0,-90,-45,45,135,162,162,cross
15:29:37,-6.7332025,107.3738,100,50,50,0,-90,-90,45,135,161,161,cross
15:29:39,-6.7332025,107.3738,100,50,50,0,-90,-90,45,135,162,162,cross
15:29:41,-6.7332025,107.3738,100,50,50,0,-90,-90,45,135,161,161,cross
15:29:44,-6.7332025,107.3738,100,50,50,0,-90,-90,45,135,161,161,cross
15:29:46,-6.7332025,107.3738,100,50,50,0,-90,-90,45,135,161,161,cross
15:29:48,-6.7332025,107.3738,100,50,50,0,-90,-90,45,135,161,161,cross
15:29:50,-6.7332025,107.3738,100,50,50,0,-90,-90,45,135,161,161,cross
15:29:52,-6.7332025,107.3738,100,50,50,0,-90,-90,45,135,161,161,cross
15:29:54,-6.7332025,107.3738,100,50,50,0,-90,-90,45,135,161,161,cross
15:29:56,-6.7332025,107.3738,100,50,50,0,-90,-90,45,135,161,161,cross
15:29:58,-6.7332025,107.3738,100,50,50,0,-90,-90,45,135,162,162,cross
15:30:00,-6.7332025,107.3738,100,50,50,0,-90,-90,45,135,162,162,cross
15:30:02,-6.7332025,107.3738,100,50,50,0,-90,-90,45,135,161,161,cross
15:30:04,-6.7332025,107.3738,100,50,50,0,-90,-90,45,135,161,161,cross
15:30:06,-6.7332025,107.3738,100,50,50,0,-90,-90,45,135,162,162,cross
15:30:09,-6.7332025,107.3738,100,50,50,0,-90,-90,45,135,161,161,cross
15:30:11,-6.7332025,107.3738,100,50,50,0,-90,-90,45,135,161,161,cross
15:30:13,-6.7332025,107.3738,100,50,50,0,-90,-90,45,135,161,161,cross
15:30:15,-6.7332025,107.3738,100,50,50,0,-90,-90,45,135,161,161,cross
15:30:17,-6.7332025,107.3738,100,50,50,0,-90,-90,45,135,161,161,cross
15:30:19,-6.7332025,107.3738,100,50,50,0,-90,-90,45,135,161,161,cross
15:30:21,-6.7332025,107.3738,100,50,50,0,-90,-90,45,135,161,161,cross
15:30:23,-6.7332025,107.3738,100,50,50,0,-90,-90,45,135,161,161,cross
15:30:25,-6.7332025,107.3738,100,50,50,0,-90,-90,45,135,161,161,cross
15:30:27,-6.7332025,107.3738,100,50,50,0,-90,-90,45,135,161,161,cross
15:30:29,-6.7332025,107.3738,100,50,50,0,-90,-90,45,135,161,161,cross
15:30:31,-6.7332025,107.3738,100,50,50,0,-45,-90,45,135,160,160,cross
15:30:34,-6.7332025,107.3738,100,50,50,0,-45,-90,45,135,161,161,cross
15:30:36,-6.7332025,107.3738,100,50,50,0,-45,-90,45,135,161,161,cross
15:30:38,-6.7332025,107.3738,100,50,50,0,-45,-90,45,135,160,160,cross
15:30:40,-6.7332025,107.3738,100,50,50,0,-45,-90,45,90,161,161,cross
15:30:42,-6.7332025,107.3738,100,50,50,0,-45,-90,45,90,161,161,cross
15:30:44,-6.7332025,107.3738,100,50,50,0,-45,-90,135,90,161,161,cross
15:30:46,-6.7332025,107.3738,100,50,50,0,-45,-90,90,90,161,161,cross
15:30:48,-6.7332025,107.3738,100,50,50,0,-45,-90,90,90,161,161,cross
15:30:50,-6.7332025,107.3738,100,50,50,0,-45,-90,90,90,161,161,cross
15:30:52,-6.7332025,107.3738,100,50,50,0,-45,-90,90,90,162,162,cross
15:30:54,-6.7332025,107.3738,100,50,50,0,-45,-90,90,90,162,162,cross
15:30:56,-6.7332025,107.3738,100,50,50,0,-45,-90,90,90,162,162,cross
15:30:59,-6.7332025,107.3738,100,50,50,0,-45,-90,90,90,161,161,cross
15:31:01,-6.7332025,107.3738,100,50,50,0,-45,-90,90,90,162,162,cross
15:31:03,-6.7332025,107.3738,100,50,50,0,-45,-90,90,90,160,160,cross
15:31:05,-6.7332025,107.3738,100,50,50,0,-45,-90,90,90,161,161,cross
15:31:07,-6.7332025,107.3738,100,50,50,0,-45,-90,90,90,161,161,cross
15:31:09,-6.7332025,107.3738,100,50,50,0,-45,-90,90,90,160,160,cross
15:31:11,-6.7332025,107.3738,100,50,50,0,-45,-90,90,90,161,161,cross
15:31:13,-6.7332025,107.3738,100,50,50,0,-45,-90,90,90,161,161,cross
15:31:15,-6.7332025,107.3738,100,50,50,0,-45,-90,90,90,161,161,cross
15:31:17,-6.7332025,107.3738,100,50,50,0,-45,-90,90,90,161,161,cross
15:31:20,-6.7332025,107.3738,100,50,50,0,-45,-90,90,90,161,161,cross
15:31:22,-6.7332025,107.3738,100,50,50,0,-45,-90,90,90,161,161,cross
15:31:24,-6.7332025,107.3738,100,50,50,0,-45,-90,90,90,161,161,cross
15:31:26,-6.7332025,107.3738,100,50,50,0,-45,-90,90,90,161,161,cross
15:31:28,-6.7332025,107.3738,100,50,50,0,-45,-90,90,90,161,161,cross
15:31:30,-6.7332025,107.3738,100,50,50,0,-45,-90,90,90,162,162,cross
15:31:32,-6.7332025,107.3738,100,50,50,0,-45,-90,90,90,161,161,cross
15:31:34,-6.7332025,107.3738,100,50,50,0,-45,-90,90,90,162,162,cross
15:31:36,-6.7332025,107.3738,100,50,50,0,-45,-90,90,90,161,161,cross
15:31:38,-6.7332025,107.3738,100,50,50,0,-45,-90,90,90,161,161,cross
15:31:41,-6.7332025,107.3738,100,50,50,0,-45,-90,90,90,161,161,cross
15:31:43,-6.7332025,107.3738,100,50,50,0,-45,-90,90,90,161,161,cross
15:31:45,-6.7332025,107.3738,100,50,50,0,-45,-90,90,90,161,161,cross
15:31:47,-6.7332025,107.3738,100,50,50,0,-45,-90,90,90,161,161,cross
15:31:49,-6.7332025,107.3738,100,50,50,0,-45,-90,90,90,161,161,cross
15:31:51,-6.7332025,107.3738,100,50,50,0,-45,-90,90,90,162,162,cross
15:31:53,-6.7332025,107.3738,100,50,50,0,-45,-90,90,90,162,162,cross
15:31:55,-6.7332025,107.3738,100,50,50,0,-45,-90,90,90,161,161,cross
15:31:57,-6.7332025,107.3738,100,50,50,0,-45,-90,90,90,162,162,cross
15:31:59,-6.7332025,107.3738,100,50,50,0,-45,-90,90,90,162,162,cross
15:32:02,-6.7332025,107.3738,100,50,50,0,-45,-90,90,90,162,162,cross
15:32:04,-6.7332025,107.3738,100,50,50,0,-45,-90,90,90,161,161,cross
15:32:06,-6.7332025,107.3738,100,50,50,0,-45,-90,90,90,161,161,cross
15:32:08,-6.7332025,107.3738,100,50,50,0,-45,-90,90,90,161,161,cross
15:32:10,-6.7332025,107.3738,100,50,50,0,-45,-90,90,90,161,161,cross
15:32:12,-6.7332025,107.3738,100,50,50,0,-45,-90,90,90,161,161,cross
15:32:14,-6.7332025,107.3738,100,50,50,0,-45,-90,90,90,161,161,cross
15:32:16,-6.7332025,107.3738,100,50,50,0,-45,-90,90,90,161,161,cross
15:32:18,-6.7332025,107.3738,100,50,50,0,-45,-90,90,90,161,161,cross
15:32:20,-6.7332025,107.3738,100,50,50,0,-45,-90,90,90,161,161,cross
15:32:22,-6.7332025,107.3738,100,50,50,0,-45,-90,90,90,161,161,cross
15:32:24,-6.7332025,107.3738,100,50,50,0,-45,-90,90,90,162,162,cross
15:32:26,-6.7332025,107.3738,100,50,50,0,-45,-90,90,90,162,162,cross
15:32:29,-6.7332025,107.3738,100,50,50,0,-45,-90,90,90,162,162,cross
15:32:31,-6.7332025,107.3738,100,50,50,0,-45,-90,90,90,162,162,cross
15:32:33,-6.7332025,107.3738,100,50,50,0,-45,-90,90,90,162,162,cross
15:32:35,-6.7332025,107.3738,100,50,50,0,-45,-90,90,90,161,161,cross
15:32:37,-6.7332025,107.3738,100,50,50,0,-45,-90,90,90,162,162,cross
15:32:39,-6.7332025,107.3738,100,50,50,0,-45,-90,90,90,162,162,cross
15:32:41,-6.7332025,107.3738,100,50,50,0,-45,-90,90,90,162,162,cross
15:32:43,-6.7332025,107.3738,100,50,50,0,-45,-90,90,90,162,162,cross
15:32:45,-6.7332025,107.3738,100,50,50,0,-45,-90,90,90,162,162,cross
15:32:47,-6.7332025,107.3738,100,50,50,0,-45,-90,90,90,162,162,cross
15:32:49,-6.7332025,107.3738,100,50,50,0,-45,-90,90,90,161,161,cross
15:32:52,-6.7332025,107.3738,100,50,50,0,-45,-90,90,90,161,161,cross
15:32:54,-6.7332025,107.3738,100,50,50,0,-45,-90,90,90,161,161,cross
15:32:56,-6.7332025,107.3738,100,50,50,0,-45,-90,90,90,162,162,cross
15:32:58,-6.7332025,107.3738,100,50,50,0,-45,-90,90,90,161,161,cross
15:33:00,-6.7332025,107.3738,100,50,50,0,-45,-90,90,90,162,162,cross
15:33:02,-6.7332025,107.3738,100,50,50,0,-45,-90,90,90,161,161,cross
15:33:04,-6.7332025,107.3738,100,50,50,0,-45,-90,90,90,162,162,cross
15:33:06,-6.7332025,107.3738,100,50,50,0,-45,-90,90,90,161,161,cross
15:33:08,-6.7332025,107.3738,100,50,50,0,-45,-90,90,90,161,161,cross
15:33:10,-6.7332025,107.3738,100,50,50,0,-45,-90,90,90,162,162,cross
15:33:12,-6.7332025,107.3738,100,50,50,0,-45,-90,90,90,161,161,cross
15:33:14,-6.7332025,107.3738,100,50,50,0,-45,-90,90,90,161,161,cross
15:33:16,-6.7332025,107.3738,100,50,50,0,-45,-90,90,90,161,161,cross
15:33:19,-6.7332025,107.3738,100,50,50,0,-45,-90,90,90,162,162,cross
15:33:21,-6.7332025,107.3738,100,50,50,0,-45,-90,90,90,162,162,cross
15:33:23,-6.7332025,107.3738,100,50,50,0,-45,-90,90,90,161,161,cross
15:33:25,-6.7332025,107.3738,100,50,50,0,-45,-90,90,90,161,161,cross
15:33:27,-6.7332025,107.3738,100,50,50,0,-45,-90,90,90,162,162,cross
15:33:29,-6.7332025,107.3738,100,50,50,0,-45,-90,90,90,162,162,cross
15:33:31,-6.7332025,107.3738,100,50,50,0,-45,-90,90,90,161,161,cross
15:33:33,-6.7332025,107.3738,100,50,50,0,-45,-90,90,90,161,161,cross
15:33:35,-6.7332025,107.3738,100,50,50,0,-45,-90,90,90,161,161,cross
15:33:37,-6.7332025,107.3738,100,50,50,0,-45,-90,90,90,162,162,cross
15:33:39,-6.7332025,107.3738,100,50,50,0,-45,-90,90,90,161,161,cross
15:33:41,-6.7332029,107.3738,100,50,50,0,-45,-90,90,90,162,162,cross
15:33:43,-6.7332029,107.3738,100,50,50,0,-45,-90,90,90,161,161,cross
15:33:45,-6.7332029,107.3738,100,50,50,0,-45,-90,90,90,161,161,cross
15:33:47,-6.7332029,107.3738,100,50,50,0,-45,-90,90,90,162,162,cross
15:33:50,-6.7332029,107.3738,100,50,50,0,-45,-90,90,90,161,161,cross
15:33:52,-6.7332029,107.3738,100,50,50,0,-45,-90,90,90,161,161,cross
15:33:54,-6.7332029,107.3738,100,50,50,0,-45,-90,90,90,162,162,cross
15:33:56,-6.7332029,107.3738,100,50,50,0,-45,-90,90,90,162,162,cross
15:33:58,-6.7332029,107.3738,100,50,50,0,-45,-90,90,90,161,161,cross
15:34:00,-6.7332029,107.3738,100,50,50,0,-45,-90,90,90,162,162,cross
15:34:02,-6.7332029,107.3738,100,50,50,0,-45,-90,90,90,161,161,cross
15:34:04,-6.7332029,107.3738,100,50,50,0,-45,-90,90,90,161,161,cross
15:34:06,-6.7332029,107.3738,100,50,50,0,-45,-90,90,90,162,162,cross
15:34:08,-6.7332029,107.3738,100,50,50,0,-45,-90,90,90,161,161,cross
15:34:10,-6.7332029,107.3738,100,50,50,0,-45,-90,90,90,161,161,cross
15:34:12,-6.7332029,107.3738,100,50,50,0,-45,-90,90,90,161,161,cross
15:34:14,-6.7332029,107.3738,100,50,50,0,-45,-90,90,90,162,162,cross
15:34:16,-6.7332029,107.3738,100,50,50,0,-45,-90,90,90,161,161,cross
15:34:19,-6.7332029,107.3738,100,50,50,0,-45,-90,90,90,162,162,cross
15:34:21,-6.7332029,107.3738,100,50,50,0,-45,-90,90,90,162,162,cross
15:34:23,-6.7332029,107.3738,100,50,50,0,-45,-90,90,90,162,162,cross
15:34:25,-6.7332029,107.3738,100,50,50,0,-45,-90,90,90,161,161,cross
15:34:27,-6.7332029,107.3738,100,50,50,0,-45,-90,90,90,161,161,cross
15:34:29,-6.7332029,107.3738,100,50,50,0,-45,-90,90,90,161,161,cross
15:34:31,-6.7332029,107.3738,100,50,50,0,-45,-90,90,90,161,161,cross
15:34:33,-6.7332029,107.3738,100,50,50,0,-45,-90,90,90,162,162,cross
15:34:35,-6.7332029,107.3738,100,50,50,0,-45,-90,90,90,161,161,cross
15:34:37,-6.7332029,107.3738,100,50,50,0,-45,-90,90,90,162,162,cross
15:34:39,-6.7332029,107.3738,100,50,50,0,-45,-90,90,90,161,161,cross
15:34:41,-6.7332029,107.3738,100,50,50,0,-45,-90,90,90,161,161,cross
15:34:44,-6.7332029,107.3738,100,50,50,0,-45,-90,90,90,162,162,cross
15:34:46,-6.7332029,107.3738,100,50,50,0,-45,-90,90,90,161,161,cross
15:34:48,-6.7332029,107.3738,100,50,50,0,-45,-90,90,90,161,161,cross
15:34:50,-6.7332029,107.3738,100,50,50,0,-45,-90,90,90,161,161,cross
15:34:52,-6.7332029,107.3738,100,50,50,0,-45,-90,90,90,162,162,cross
15:34:54,-6.7332029,107.3738,100,50,50,0,-45,-90,90,90,162,162,cross
15:34:56,-6.7332029,107.3738,100,50,50,0,-45,-90,90,90,161,161,cross
15:34:58,-6.7332029,107.3738,100,50,50,0,-45,-90,90,90,161,161,cross
15:35:00,-6.7332029,107.3738,100,50,50,0,-45,-90,90,90,161,161,cross
15:35:02,-6.7332029,107.3738,100,50,50,0,-45,-90,90,90,162,162,cross
15:35:04,-6.7332029,107.3738,100,50,50,0,-45,-90,90,90,162,162,cross
15:35:06,-6.7332029,107.3738,100,50,50,0,-45,-90,90,90,162,162,cross
15:35:08,-6.7332029,107.3738,100,50,50,0,-45,-90,90,90,161,161,cross
15:35:10,-6.7332029,107.3738,100,50,50,0,-45,-90,90,90,161,161,cross
15:35:12,-6.7332029,107.3738,100,50,50,0,-45,-90,90,90,161,161,cross
15:35:15,-6.7332029,107.3738,100,50,50,0,-45,-90,90,90,161,161,cross
15:35:17,-6.7332029,107.3738,100,50,50,0,-45,-90,90,90,161,161,cross
15:35:19,-6.7332029,107.3738,100,50,50,0,-45,-90,90,90,162,162,cross
15:35:21,-6.7332029,107.3738,100,50,50,0,-45,-90,90,90,161,161,cross
15:35:23,-6.7332029,107.3738,100,50,50,0,-45,-90,90,90,161,161,cross
15:35:25,-6.7332029,107.3738,100,50,50,0,-45,-90,90,90,161,161,cross
15:35:27,-6.7332029,107.3738,100,50,50,0,-45,-90,90,90,161,161,cross
15:35:29,-6.7332029,107.3738,100,50,50,0,-45,-90,90,90,161,161,cross
15:35:31,-6.7332029,107.3738,100,50,50,0,-45,-90,90,90,161,161,cross
15:35:33,-6.7332029,107.3738,100,50,50,0,-45,-90,90,90,162,162,cross
15:35:35,-6.7332029,107.3738,100,50,50,0,-45,-90,90,90,162,162,cross
15:35:37,-6.7332029,107.3738,100,50,50,0,-45,-90,90,90,161,161,cross
15:35:40,-6.7332029,107.3738,100,50,50,0,-45,-90,90,90,161,161,cross
15:35:42,-6.7332025,107.3738,100,50,50,0,-45,-90,90,90,161,161,cross
15:35:44,-6.7332025,107.3738,100,50,50,0,-45,-90,90,90,161,161,cross
15:35:46,-6.7332025,107.3738,100,50,50,0,-45,-90,90,90,161,161,cross
15:35:48,-6.7332025,107.3738,100,50,50,0,-45,-90,90,90,161,161,cross
15:35:50,-6.7332025,107.3738,100,50,50,0,-45,-90,90,90,161,161,cross
15:35:52,-6.7332025,107.3738,100,50,50,0,-45,-90,90,90,161,161,cross
15:35:54,-6.7332025,107.3738,100,50,50,0,-45,-90,90,90,161,161,cross
15:35:56,-6.7332025,107.3738,100,50,50,0,-45,-90,90,90,161,161,cross
15:35:58,-6.7332025,107.3738,100,50,50,0,-45,-90,90,90,161,161,cross
15:36:00,-6.7332025,107.3738,100,50,50,0,-45,-90,90,90,161,161,cross
15:36:02,-6.7332025,107.3738,100,50,50,0,-45,-90,90,90,161,161,cross
15:36:05,-6.7332025,107.3738,100,50,50,0,-45,-90,90,90,162,162,cross
15:36:07,-6.7332025,107.3738,100,50,50,0,-45,-90,90,90,161,161,cross
15:36:09,-6.733202,107.3738,100,50,50,0,-45,-90,90,90,161,161,cross
15:36:11,-6.733202,107.3738,100,50,50,0,-45,-90,90,90,161,161,cross
15:36:13,-6.733202,107.3738,100,50,50,0,-45,-90,90,90,161,161,cross
15:36:15,-6.733202,107.3738,100,50,50,0,-45,-90,90,90,162,162,cross
15:36:17,-6.733202,107.3738,100,50,50,0,-45,-90,90,90,161,161,cross
15:36:19,-6.733202,107.3738,100,50,50,0,-45,-90,90,90,162,162,cross
15:36:21,-6.733202,107.37381,100,50,50,0,-45,-90,90,90,161,161,cross
15:36:23,-6.733202,107.37381,100,50,50,0,-45,-90,90,90,161,161,cross
15:36:25,-6.733202,107.37381,100,50,50,0,-45,-90,90,90,161,161,cross
15:36:27,-6.733202,107.37381,100,50,50,0,-45,-90,90,90,161,161,cross
15:36:29,-6.7332015,107.37381,100,50,50,0,-45,-90,90,90,161,161,cross
15:36:31,-6.7332015,107.37381,100,50,50,0,-45,-90,90,90,161,161,cross
15:36:33,-6.7332015,107.37381,100,50,50,0,-45,-90,90,90,161,161,cross
15:36:35,-6.733201,107.37381,100,50,50,0,-45,-90,90,90,162,162,cross
15:36:38,-6.733201,107.37381,100,50,50,0,-45,-90,90,90,161,161,cross
15:36:40,-6.733201,107.37381,100,50,50,0,-45,-90,90,90,161,161,cross
15:36:42,-6.733201,107.37381,100,50,50,0,-45,-90,90,90,161,161,cross
15:36:44,-6.733201,107.37381,100,50,50,0,-45,-90,90,90,161,161,cross
15:36:46,-6.733201,107.37381,100,50,50,0,-45,-90,90,90,162,162,cross
15:36:48,-6.733201,107.37381,100,50,50,0,-45,-90,90,90,161,161,cross
15:36:50,-6.733201,107.37381,100,50,50,0,-45,-90,90,90,161,161,cross
15:36:52,-6.733201,107.37381,100,50,50,0,-45,-90,90,90,161,161,cross
15:36:54,-6.733201,107.37381,100,50,50,0,-45,-90,90,90,162,162,cross
15:36:56,-6.733201,107.37381,100,50,50,0,-45,-90,90,90,161,161,cross
15:36:58,-6.733201,107.37381,100,50,50,0,-45,-90,90,90,161,161,cross
15:37:00,-6.733201,107.37381,100,50,50,0,-45,-90,90,90,161,161,cross
15:37:02,-6.733201,107.37381,100,50,50,0,-45,-90,90,90,161,161,cross
15:37:05,-6.733201,107.37381,100,50,50,0,-45,-90,90,90,161,161,cross
15:37:07,-6.733201,0,100,50,50,0,-45,-90,90,90,161,161,cross
15:37:09,-6.733201,107.37381,100,50,50,0,-45,-90,90,90,161,161,cross
15:37:11,-6.733201,107.37381,100,50,50,0,-45,-90,90,90,161,161,cross
15:37:13,-6.733201,107.37381,100,50,50,0,-45,-90,90,90,161,161,cross
15:37:15,-6.733201,107.37381,100,50,50,0,-45,-90,90,90,161,161,cross
15:37:17,-6.733201,107.37381,100,50,50,0,-45,-90,90,90,162,162,cross
15:37:19,-6.733201,107.37381,100,50,50,0,-45,-90,90,90,162,162,cross
15:37:21,-6.733201,107.37381,100,50,50,0,-45,-90,90,90,162,162,cross
15:37:23,-6.733201,107.37381,100,50,50,0,-45,-90,90,90,161,161,cross
15:37:25,-6.733201,107.37381,100,50,50,0,-45,-90,90,90,161,161,cross
15:37:27,-6.733201,107.37381,100,50,50,0,-45,-90,90,90,161,161,cross
15:37:29,-6.733201,107.37381,100,50,50,0,-45,-90,90,90,161,161,cross
15:37:31,-6.733201,107.37381,100,50,50,0,-45,-90,90,90,162,162,cross
15:37:34,-6.733201,107.37381,100,50,50,0,-45,-90,90,90,161,161,cross
15:37:36,-6.733201,107.37381,100,50,50,0,-45,-90,90,90,161,161,cross
15:37:38,-6.733201,107.37381,100,50,50,0,-45,-90,90,90,162,162,cross
15:37:40,-6.733201,107.37381,100,50,50,0,-45,-90,90,90,162,162,cross
15:37:42,-6.733201,107.37381,100,50,50,0,-45,-90,90,90,161,161,cross
15:37:44,-6.733201,107.37381,100,50,50,0,-45,-90,90,90,161,161,cross
15:37:46,-6.733201,107.37381,100,50,50,0,-45,-90,90,90,161,161,cross
15:37:48,-6.733201,107.37381,100,50,50,0,-45,-90,90,90,162,162,cross
15:37:50,-6.733201,107.37381,100,50,50,0,-45,-90,90,90,162,162,cross
15:37:52,-6.733201,107.37381,100,50,50,0,-45,-90,90,90,162,162,cross
15:37:54,-6.733201,107.37381,100,50,50,0,-45,-90,90,90,161,161,cross
15:37:56,-6.733201,107.37381,100,50,50,0,-45,-90,90,90,162,162,cross
15:37:58,-6.733201,107.37381,100,50,50,0,-45,-90,90,90,161,161,cross
15:38:00,-6.733201,107.37381,100,50,50,0,-45,-90,90,90,161,161,cross
15:38:02,-6.733201,107.37381,100,50,50,0,-45,-90,90,90,161,161,cross
15:38:05,-6.733201,107.37381,100,50,50,0,-90,-90,90,90,161,161,cross
15:38:07,-6.733201,107.37381,100,50,50,0,-90,-90,90,90,161,161,cross
15:38:09,-6.733201,107.37381,100,50,50,0,-90,-90,90,90,162,162,cross
15:38:11,-6.733201,107.37381,100,50,50,0,-90,-90,90,90,161,161,cross
15:38:13,-6.733201,107.37381,100,50,50,0,-90,-90,90,90,162,162,cross
15:38:15,-6.733201,107.37381,100,50,50,0,-90,-90,90,90,161,161,cross
15:38:17,-6.7332015,107.37381,100,50,50,0,-90,-90,90,90,161,161,cross
15:38:19,-6.7332015,107.37381,100,50,50,0,-90,-90,90,90,162,162,cross
15:38:21,-6.7332015,107.37381,100,50,50,0,-90,-90,90,90,162,162,cross
15:38:23,-6.7332015,107.37381,100,50,50,0,-90,-90,90,90,161,161,cross
15:38:25,-6.7332015,107.37381,100,50,50,0,-90,-90,90,90,162,162,cross
15:38:27,-6.7332015,107.37381,100,50,50,0,-90,-90,90,90,161,161,cross
15:38:29,-6.733202,107.37381,100,50,50,0,-90,-90,90,90,161,161,cross
15:38:32,-6.733202,107.37381,100,50,50,0,-90,-90,90,90,161,161,cross
15:38:34,-6.733202,107.37381,100,50,50,0,-90,-90,90,90,161,161,cross
15:38:36,-6.733202,107.37381,100,50,50,0,-90,-90,90,90,161,161,cross
15:38:38,-6.733202,107.37381,100,50,50,0,-90,-90,90,90,161,161,cross
15:38:40,-6.733202,107.37381,100,50,50,0,-90,-90,90,90,161,161,cross
15:38:42,-6.733202,107.37381,100,50,50,0,-90,-90,90,90,161,161,cross
15:38:44,-6.733202,107.37381,100,50,50,0,-90,-90,90,90,162,162,cross
15:38:46,-6.733202,107.37381,100,50,50,0,-90,-90,90,90,161,161,cross
15:38:48,-6.733202,107.37381,100,50,50,0,-90,-90,90,90,161,161,cross
15:38:50,-6.733202,107.37381,100,50,50,0,-90,-90,90,90,161,161,cross
15:38:52,-6.733202,107.37381,100,50,50,0,-90,-90,90,90,161,161,cross
15:38:54,-6.733202,107.37381,100,50,50,0,-90,-90,90,90,161,161,cross
15:38:57,-6.733202,107.37381,100,50,50,0,-90,-90,90,90,162,162,cross
15:38:59,-6.733202,107.37381,100,50,50,0,-90,-90,90,90,162,162,cross
15:39:01,-6.733202,107.37381,100,50,50,0,-90,-90,90,90,161,161,cross
15:39:03,-6.733202,107.37381,100,50,50,0,-90,-90,90,90,161,161,cross
15:39:05,-6.733202,107.37381,100,50,50,0,-90,-90,90,90,161,161,cross
15:39:07,-6.7332025,107.37381,100,50,50,0,-90,-90,90,90,162,162,cross
15:39:09,-6.7332025,107.37381,100,50,50,0,-90,-90,90,90,161,161,cross
15:39:11,-6.7332025,107.37381,100,50,50,0,-90,-90,90,90,161,161,cross
15:39:13,-6.7332025,107.37381,100,50,50,0,-90,-90,90,90,161,161,cross
15:39:15,-6.7332025,107.37381,100,50,50,0,-90,-90,90,90,162,162,cross
15:39:17,-6.7332025,107.37381,100,50,50,0,-90,-90,90,90,162,162,cross
15:39:19,-6.7332025,107.37381,100,50,50,0,-90,-90,90,90,161,161,cross
15:39:22,-6.7332025,107.37381,100,50,50,0,-90,-90,90,90,162,162,cross
15:39:24,-6.733202,107.37381,100,50,50,0,-90,-90,90,90,161,161,cross
15:39:26,-6.733202,107.37381,100,50,50,0,-90,-90,90,90,161,161,cross
15:39:28,-6.7332025,107.37381,100,50,50,0,-45,-90,90,90,161,161,cross
15:39:30,-6.7332025,107.37381,0,50,50,0,35,-90,90,90,162,162,cross
15:39:32,-6.7332025,107.37381,100,50,50,0,-16,-90,90,90,161,161,cross
15:39:34,-6.7332025,107.37381,0,50,50,0,43,-90,90,90,161,161,cross
15:39:36,-6.7332025,107.37381,0,50,50,0,120,-90,90,90,162,162,cross
15:39:38,-6.7332025,107.37381,0,50,50,0,53,-90,90,90,161,161,cross
15:39:40,-6.7332025,107.37381,0,50,50,0,102,-90,90,90,162,162,cross
15:39:42,-6.7332025,107.37381,100,50,50,0,-90,-90,90,90,161,161,cross
15:39:44,-6.7332025,107.37381,100,50,50,0,-90,-90,90,90,161,161,cross
15:39:46,-6.7332025,107.37381,100,50,50,0,-90,-90,90,90,161,161,cross
15:39:48,-6.7332025,107.37381,100,50,50,0,-90,-90,90,90,162,162,cross
15:39:50,-6.7332025,107.37381,100,50,50,0,-90,-90,90,90,161,161,cross
15:39:52,-6.7332025,107.37381,100,50,50,0,-90,-90,90,90,161,161,cross
15:39:54,-6.7332025,107.37381,100,50,50,0,-90,-90,90,90,161,161,cross
15:39:56,-6.7332025,107.37381,100,50,50,0,-90,-90,90,90,161,161,cross
15:39:58,-6.7332025,107.37381,100,50,50,0,-90,-90,90,90,161,161,cross
15:40:01,-6.7332025,107.37381,100,50,50,0,-90,-90,90,90,161,161,cross
15:40:03,-6.7332025,107.37381,100,50,50,0,-90,-90,90,90,161,161,cross
15:40:05,-6.7332025,107.37381,100,50,50,0,-90,-90,90,90,161,161,cross
15:40:07,-6.7332025,107.37381,100,50,50,0,-90,-90,90,90,161,161,cross
15:40:09,-6.7332025,107.37381,100,50,50,0,-90,-90,90,90,161,161,cross
15:40:11,-6.7332025,107.37381,100,50,50,0,-90,-90,90,90,161,161,cross
15:40:13,-6.7332025,107.37381,100,50,50,0,-90,-90,90,90,161,161,cross
15:40:15,-6.7332025,107.37381,100,50,50,0,-90,-90,90,90,161,161,cross
15:40:17,-6.7332025,107.37381,100,50,50,0,-90,-90,90,90,161,161,cross
15:40:19,-6.7332025,107.37381,100,50,50,0,-90,-90,90,90,160,160,cross
15:40:21,-6.7332025,107.37381,100,50,50,0,-90,-90,90,90,162,162,cross
15:40:23,-6.7332025,107.37381,100,50,50,0,-90,-90,90,90,161,161,cross
15:40:25,-6.7332025,107.37381,100,50,50,0,-90,-90,90,90,161,161,cross
15:40:27,-6.7332025,107.37381,100,50,50,0,-90,-90,90,90,161,161,cross
15:40:29,-6.7332025,107.37381,100,50,50,0,-90,-90,90,90,162,162,cross
15:40:32,-6.7332025,107.37381,100,50,50,0,-90,-90,90,90,162,162,cross
15:40:34,-6.7332025,107.37381,100,50,50,0,-90,-90,90,90,164,164,cross
15:40:36,-6.7332025,107.37381,100,50,50,0,-90,-90,90,90,160,160,cross
15:40:38,-6.7332025,107.37381,100,50,50,0,-90,-90,90,90,160,160,cross
15:40:40,-6.7332025,107.37381,100,50,50,0,-90,-90,90,90,160,160,cross
15:40:42,-6.7332025,107.37381,100,50,50,0,-90,-90,90,90,160,160,cross
15:40:44,-6.7332025,107.37381,100,50,50,0,-90,-90,90,90,160,160,cross
15:40:46,-6.7332025,107.37381,100,50,50,0,-90,-90,90,90,160,160,cross
15:40:48,-6.7332025,107.37381,100,50,50,0,-90,-90,90,90,160,160,cross
15:40:50,-6.7332025,107.37381,100,50,50,0,-90,-90,90,90,160,160,cross
15:40:52,-6.7332025,107.37381,100,50,50,0,-90,-90,90,90,160,160,cross
15:40:55,-6.7332025,107.37381,100,50,50,0,-90,-90,90,90,160,160,cross
15:40:57,-6.7332025,107.37381,100,50,50,0,-90,-90,90,90,160,160,cross
15:40:59,-6.7332025,107.37381,100,50,50,0,-90,-90,90,90,160,160,cross
15:41:01,-6.7332025,107.37381,100,50,50,0,-90,-90,90,90,160,160,cross
15:41:03,-6.7332025,107.37381,100,50,50,0,-90,-90,90,90,160,160,cross
15:41:05,-6.7332025,107.37381,100,50,50,0,-90,-90,90,90,160,160,cross
15:41:07,-6.7332025,107.37381,100,50,50,0,-90,-90,90,90,160,160,cross
15:41:09,-6.7332025,107.37381,100,50,50,0,-90,-90,90,90,160,160,cross
15:41:11,-6.7332025,107.37381,100,50,50,0,-90,-90,90,90,160,160,cross
15:41:13,-6.7332025,107.37381,100,50,50,0,-90,-90,90,90,160,160,cross
15:41:15,-6.7332025,107.37381,100,50,50,0,-90,-90,90,90,160,160,cross
15:41:17,-6.7332025,107.37381,100,50,50,0,-90,-90,90,90,160,160,cross
15:41:20,-6.7332025,107.37381,100,50,50,0,-90,-90,90,90,160,160,cross
15:41:22,-6.7332025,107.37381,100,50,50,0,-90,-90,90,90,160,160,cross
15:41:24,-6.7332025,107.37381,100,50,50,0,-90,-90,90,90,160,160,cross
15:41:26,-6.7332025,107.37381,100,50,50,0,-90,-90,90,90,160,160,cross
15:41:28,-6.7332025,107.37381,100,50,50,0,-90,-90,90,90,160,160,cross
15:41:30,-6.7332025,107.37381,100,50,50,0,-90,-90,90,90,160,160,cross
15:41:32,-6.7332025,107.37381,100,50,50,0,-90,-90,90,90,160,160,cross
15:41:34,-6.7332025,107.37381,100,50,50,0,-90,-90,90,90,160,160,cross
15:41:36,-6.7332025,107.37381,100,50,50,0,-90,-90,90,90,160,160,cross
15:41:38,-6.7332025,107.37381,100,50,50,0,-90,-90,90,90,160,160,cross
15:41:40,-6.7332025,107.37381,100,50,50,0,-90,-90,90,90,160,160,cross
15:41:42,-6.7332025,107.37381,100,50,50,0,-90,-90,90,90,160,160,cross
15:41:44,-6.7332025,107.37381,100,50,50,0,-90,-90,90,90,160,160,cross
15:41:46,-6.7332025,107.37381,100,50,50,0,-90,-90,90,90,160,160,cross
15:41:48,-6.7332025,107.37381,100,50,50,0,-90,-90,90,90,160,160,cross
15:41:50,-6.7332025,107.37381,100,50,50,0,-90,-90,90,90,160,160,cross
15:41:53,-6.7332025,107.37381,100,50,50,0,-90,-90,90,90,160,160,cross
15:41:55,-6.7332025,107.37381,100,50,50,0,-90,-90,90,90,160,160,cross
15:41:57,-6.7332025,107.37381,100,50,50,0,-90,-90,90,90,160,160,cross
15:41:59,-6.7332025,107.37381,100,50,50,0,-90,-90,90,90,160,160,cross
15:42:01,-6.7332025,107.37381,100,50,50,0,-90,-90,90,90,160,160,cross
15:42:03,-6.7332025,107.37381,100,50,50,0,-90,-90,90,90,160,160,cross
15:42:05,-6.7332025,107.37381,100,50,50,0,-90,-90,90,90,160,160,cross
15:42:07,-6.7332025,107.37381,100,50,50,0,-90,-90,90,90,160,160,cross
15:42:09,-6.7332025,107.37381,100,50,50,0,-90,-90,90,90,160,160,cross
15:42:11,-6.7332025,107.37381,100,50,50,0,-90,-90,90,90,160,160,cross
15:42:13,-6.7332025,107.37381,100,50,50,0,-90,-90,90,90,160,160,cross
15:42:16,-6.7332025,107.37381,100,50,50,0,-90,-90,90,90,160,160,cross
15:42:18,-6.7332025,107.37381,100,50,50,0,-90,-90,90,90,160,160,cross
15:42:20,-6.7332025,107.37381,100,50,50,0,-90,-90,90,90,160,160,cross
15:42:22,-6.7332025,107.37381,100,50,50,0,-90,-90,90,90,160,160,cross
15:42:24,-6.7332025,107.37381,100,50,50,0,-90,-90,90,90,160,160,cross
15:42:26,-6.7332025,107.37381,100,50,50,0,-90,-90,90,90,160,160,cross
15:42:28,-6.7332025,107.37381,100,50,50,0,-90,-90,90,90,160,160,cross
15:42:30,-6.7332025,107.37381,100,50,50,0,-90,-90,90,90,160,160,cross
15:42:32,-6.7332025,107.37381,100,50,50,0,-90,-90,90,90,160,160,cross
15:42:34,-6.7332025,107.37381,100,50,50,0,-90,-90,90,90,160,160,cross
15:42:36,-6.7332025,107.37381,100,50,50,0,-90,-90,90,90,160,160,cross
15:42:39,-6.7332025,107.37381,100,50,50,0,-90,-90,90,90,160,160,cross
15:42:41,-6.7332025,107.37381,100,50,50,0,-90,-90,90,90,160,160,cross
15:42:43,-6.7332025,107.37381,100,50,50,0,-90,-90,90,90,160,160,cross
15:42:45,-6.7332025,107.37381,100,50,50,0,-90,-90,90,90,160,160,cross
15:42:47,-6.7332025,107.37381,100,50,50,0,-90,-90,90,90,160,160,cross
15:42:49,-6.7332025,107.37381,100,50,50,0,-90,-90,90,90,160,160,cross
15:42:51,-6.7332025,107.37381,100,50,50,0,-90,-90,90,90,160,160,cross
15:42:53,-6.7332025,107.37381,100,50,50,0,-90,-90,90,90,160,160,cross
15:42:55,-6.7332025,107.37381,100,50,50,0,-90,-90,90,90,160,160,cross
15:42:57,-6.7332025,107.37381,100,50,50,0,-90,-90,90,90,160,160,cross
15:43:00,-6.7332025,107.37381,100,50,50,0,-90,-90,90,90,160,160,cross
15:43:02,-6.7332025,107.37381,100,50,50,0,-90,-90,90,90,160,160,cross
15:43:04,-6.7332025,107.37381,100,50,50,0,-90,-90,90,90,160,160,cross
15:43:06,-6.7332025,107.37381,100,50,50,0,-90,-90,90,90,160,160,cross
15:43:08,-6.7332025,107.37381,100,50,50,0,-90,-90,90,90,160,160,cross
15:43:10,-6.7332025,107.37381,100,50,50,0,-90,-90,90,90,160,160,cross
15:43:12,-6.7332025,107.37381,100,50,50,0,-90,-90,90,90,160,160,cross
15:43:14,-6.7332025,107.37381,100,50,50,0,-90,-90,90,90,160,160,cross
15:43:16,-6.7332025,107.37381,100,50,50,0,-90,-90,90,90,160,160,cross
